lemma	pos	date	grouping	identifier	description	context	indexes_target_token	indexes_target_sentence	context_tokenized	indexes_target_token_tokenized	indexes_target_sentence_tokenized	context_lemmatized	context_pos	context_normalized
Abgesang	NN	1950	2	2532889X_1950-06-06_01_033.tcf.xml-51-23	 	Waren die frühen Bücher, zumal die Novelle „Tod in Venedig", der dekadent-romantischen Todessehnsucht verhaftet, die für den bürgerlichen Abgesang charakteristisch ist, so brachte bereits der „Zauberberg" die scharfe Kritik daran.	138:146	0:230	Waren die frühen Bücher , zumal die Novelle „ Tod in Venedig " , der dekadent-romantischen Todessehnsucht verhaftet , die für den bürgerlichen Abgesang charakteristisch ist , so brachte bereits der „ Zauberberg " die scharfe Kritik daran .	23	0:39	Ware d früh Buch , zumal d Novelle „ Tod in Venedig " , d dekadent-romantisch Todessehnsucht verhaften , die für d bürgerlich Abgesang charakteristisch sein , so bringen bereits d „ Zauberberg " d scharf Kritik daran .	NN ART ADJA NN $, KOUS ART NN $( NN APPR NE $( $, ART ADJA NN VVPP $, PRELS APPR ART ADJA NN ADJD VAFIN $, ADV VVFIN ADV ART $( NN $( ART ADJA NN PAV $.	
Abgesang	NN	1961	2	2532889X_1961-03-30_01_045.tcf.xml-6-9	 	Die Spatzen von den benachbarten Häusern stimmen bereits den Abgesang an, im Glauben, der Film liege in den letzten Zügen.	61:69	0:122	Die Spatzen von den benachbarten Häusern stimmen bereits den Abgesang an , im Glauben , der Film liege in den letzten Zügen .	9	0:23	d Spatz von d benachbart Haus stimmen bereits d Abgesang an , im Glauben , d Film liegen in d letzte Zug .	ART NN APPR ART ADJA NN VVFIN ADV ART NN PTKVZ $, APPRART NN $, ART NN VVFIN APPR ART ADJA NN $.	
Abgesang	NN	1966	2	2532889X_1966-11-28_01_141.tcf.xml-12-1	 	Im Abgesang hieß es u. a.: *, Ja, wir hatten viel zu bieten — alte Hüte, Requisiten..."	3:11	0:87	Im Abgesang hieß es u. a. : * , Ja , wir hatten viel zu bieten — alte Hüte , Requisiten . . . "	1	0:25	im Abgesang heißen es u. a. : * , ja , wir haben viel zu bieten — alt Hut , Requisite . . . "	APPRART NN VVFIN PPER APPR PIS $. XY $, PTKANT $, PPER VAFIN ADV PTKZU VVINF $( ADJA NN $, NN $. $. $. $(	
Abgesang	NN	1973	2	2532889X_1973-10-26_01_046.tcf.xml-10-22	 	Angesichts dessen trägt das von den Posaunen intonierte Todesurteil tragische Züge, und das weitere gestaltet sich zum bitteren, nachdenklichen sinfonischen Abgesang.	157:165	0:166	Angesichts dessen trägt das von den Posaunen intonierte Todesurteil tragische Züge , und das weitere gestaltet sich zum bitteren , nachdenklichen sinfonischen Abgesang .	22	0:24	angesichts die tragen d von d Posaune intoniert Todesurteil tragisch Zug , und d weit gestalten sich zum bitter , nachdenklich sinfonisch Abgesang .	APPR PDS VVFIN ART APPR ART NN ADJA NN ADJA NN $, KON ART ADJA VVFIN PRF APPRART ADJA $, ADJA ADJA NN $.	
Abgesang	NN	1975	2	2532889X_1975-10-08_01_036.tcf.xml-17-9	 	Nach ergreifender Trauer und herber Anklage bleibt der heitere Abgesang, das Schmunzeln über das Mädchen oder das Gelächter über die Erzählung vom Kaiser, der auf besondere Weise ißt, Tee trinkt und schläft, die köstliche Studie eines jiddischen Leierkastenmanns, der sein eintöniges Lied durch Segenswünsche und Fluchen unterbricht.	63:71	0:333	Nach ergreifender Trauer und herber Anklage bleibt der heitere Abgesang , das Schmunzeln über das Mädchen oder das Gelächter über die Erzählung vom Kaiser , der auf besondere Weise ißt , Tee trinkt und schläft , die köstliche Studie eines jiddischen Leierkastenmanns , der sein eintöniges Lied durch Segenswünsche und Fluchen unterbricht .	9	0:53	nach ergreifend Trauer und herb Anklage bleiben d heiter Abgesang , d Schmunzeln über d Mädchen oder d Gelächter über d Erzählung vom Kaiser , die auf besondere Weise essen , Tee trinken und schlafen , d köstlich Studie eine jiddisch Leierkastenmann , die sein eintönig Lied durch Segenswunsch und Fluchen unterbrechen .	APPR ADJA NN KON ADJA NN VVFIN ART ADJA NN $, ART NN APPR ART NN KON ART NN APPR ART NN APPRART NN $, PRELS APPR ADJA NN VVFIN $, NN VVFIN KON VVFIN $, ART ADJA NN ART ADJA NN $, PRELS PPOSAT ADJA NN APPR NN KON NN VVFIN $.	
Abgesang	NN	1987	2	2532889X_1987-11-14_01_073.tcf.xml-17-30	 	Das ist als literaturgeschichtliche Perlodisierung sicher richtig, enthebt uns indessen nicht der Verpflichtung, auch das erstaunliche Kunstschaffen des achten Lebensjahrzehnts, das mehr ist als nur Anhang oder Abgesang, zu würdigen, ohne die Verstrickungen des Greises in das Zeitgeschehen zu übersehen.	211:219	0:304	Das ist als literaturgeschichtliche Perlodisierung sicher richtig , enthebt uns indessen nicht der Verpflichtung , auch das erstaunliche Kunstschaffen des achten Lebensjahrzehnts , das mehr ist als nur Anhang oder Abgesang , zu würdigen , ohne die Verstrickungen des Greises in das Zeitgeschehen zu übersehen .	30	0:46	die sein als literaturgeschichtlich Perlodisierung sicher richtig , entheben wir indessen nicht d Verpflichtung , auch d erstaunlich Kunstschaffen d acht Lebensjahrzehnt , die mehr sein als nur Anhang oder Abgesang , zu würdigen , ohne d Verstrickung d Greis in d Zeitgeschehen zu übersehen .	PDS VAFIN KOUS ADJA NN ADJD ADJD $, VVFIN PPER ADV PTKNEG ART NN $, ADV ART ADJA NN ART ADJA NN $, PRELS PIS VAFIN KOKOM ADV NN KON NN $, PTKZU VVINF $, KOUI ART NN ART NN APPR ART NN PTKZU VVINF $.	
Abgesang	NN	1988	2	2532889X_1988-11-11_01_091.tcf.xml-4-24	 	Hebbels Werk, die Tragödie des Lydier-Königs Kandaules. entstanden 1853/54 wenige Jahre nach der gescheiterten bürgerlichen Revolution von 1848, scheint em resignativer Abgesang zu sein.	169:177	0:186	Hebbels Werk , die Tragödie des Lydier-Königs Kandaules . entstanden 1853/54 wenige Jahre nach der gescheiterten bürgerlichen Revolution von 1848 , scheint em resignativer Abgesang zu sein .	24	0:28	Hebbel Werk , d Tragödie d Lydier-Königs Kandaules . entstehen 1853/54 wenige Jahr nach d gescheitert bürgerlich Revolution von 1848 , scheinen em resignativ Abgesang zu sein .	NE NN $, ART NN ART NE NE $. VVPP ADV PIAT NN APPR ART ADJA ADJA NN APPR CARD $, VVFIN XY ADJA NN PTKZU VAINF $.	
Abgesang	NN	1990	2	2532889X_1990-06-05_01_224.tcf.xml-40-7	 	Ein wahrlich trauriges Schauspiel und ein beschämender Abgesang der DDR.	55:63	0:72	Ein wahrlich trauriges Schauspiel und ein beschämender Abgesang der DDR .	7	0:11	eine wahrlich traurig Schauspiel und eine beschämend Abgesang d DDR .	ART ADV ADJA NN KON ART ADJA NN ART NE $.	
Abgesang	NN	1990	2	2532889X_1990-10-01_01_102.tcf.xml-13-1	 	Der Abgesang aber paart sich mit der Skepsis, wie's weitergehen wird.	4:12	0:69	Der Abgesang aber paart sich mit der Skepsis , wie 's weitergehen wird .	1	0:14	d Abgesang aber paaren sich mit d Skepsis , wie d weitergehen werden .	ART NN ADV VVFIN PRF APPR ART NN $, PWAV PPER VVINF VAFIN $.	
Abgesang	NN	1947	2	26120215_1947_02_18_01_055.tcf.xml-24-52	 	Im Gegenteil: der „Figaro" hätte darauf hinweisen können, daß die unsterbliche Komödiengestalt, der er seinen Namen verdenkt, in einer Krisenzeit geschaffen worden ist. die der unseren ähnelt, und daß vielleicht schon ein neuer Beaumarchais am Werke ist, um einer sterbenden Klasse den satirischen Abgesang zu schreiben.	298:306	0:320	Im Gegenteil : der „ Figaro " hätte darauf hinweisen können , daß die unsterbliche Komödiengestalt , der er seinen Namen verdenkt , in einer Krisenzeit geschaffen worden ist . die der unseren ähnelt , und daß vielleicht schon ein neuer Beaumarchais am Werke ist , um einer sterbenden Klasse den satirischen Abgesang zu schreiben .	52	0:56	im Gegenteil : d „ Figaro " haben darauf hinweisen können , daß d unsterblich Komödiengestalt , die er seine Namen verdenken , in eine Krisenzeit schaffen werden sein . d d unsere ähneln , und daß vielleicht schon eine neu Beaumarchais am Werk sein , um eine sterbend Klasse d satirisch Abgesang zu schreiben .	APPRART NN $. ART $( NE $( VAFIN PAV VVINF VMINF $, KOUS ART ADJA NN $, PRELS PPER PPOSAT NN VVFIN $, APPR ART NN VVPP VAPP VAFIN $. ART ART PPOSS VVFIN $, KON KOUS ADV ADV ART ADJA NN APPRART NN VAFIN $, KOUI ART ADJA NN ART ADJA NN PTKZU VVINF $.	
Abgesang	NN	1951	2	26120215_1951_01_21_01_028.tcf.xml-61-22	 	Ihr zweiter Akt enthält lediglich eine romantische Liebesgeschichte, und der Schluß ist nichts anderes als ein Rückfall in den traditionellen vaterländischen Abgesang.	158:166	0:167	Ihr zweiter Akt enthält lediglich eine romantische Liebesgeschichte , und der Schluß ist nichts anderes als ein Rückfall in den traditionellen vaterländischen Abgesang .	22	0:24	ihr zweit Akt enthalten lediglich eine romantisch Liebesgeschichte , und d Schluß sein nichts andere als eine Rückfall in d traditionell vaterländisch Abgesang .	PPOSAT ADJA NN VVFIN ADV ART ADJA NN $, KON ART NN VAFIN PIS PIS KOKOM ART NN APPR ART ADJA ADJA NN $.	
Abgesang	NN	1952	2	26120215_1952_01_06_01_236.tcf.xml-16-24	 	.. Riechst, Madchen, du die Fische nicht ' gab Egon verächtlich zur Antwort, riß sich los und hüpfte erleichtert unter dem Abgesang „Schon wieder eine Seele gerettettet..." davon.	123:131	0:179	.. Riechst , Madchen , du die Fische nicht ' gab Egon verächtlich zur Antwort , riß sich los und hüpfte erleichtert unter dem Abgesang „ Schon wieder eine Seele gerettettet . . . " davon .	24	0:37	.. riechen , Madechen , du d Fisch nicht ' geben Egon verächtlich zur Antwort , reissen sich los und hüpfen erleichtert unter d Abgesang „ schon wieder eine Seele Gerettettet . . . " davon .	$( VVFIN $, NN $, PPER ART NN PTKNEG $( VVFIN NE ADJD APPRART NN $, VVFIN PRF PTKVZ KON VVFIN ADJD APPR ART NN $( ADV ADV ART NN NE $. $. $. $( PTKVZ $.	
Abgesang	NN	1952	2	26120215_1952_03_16_01_388.tcf.xml-7-16	 	Wo er ein solches Trampelmobil entdecken konnte, schwang er sich hinauf und radelte unter dem Abgesang schmutziger Lieder davon.	94:102	0:128	Wo er ein solches Trampelmobil entdecken konnte , schwang er sich hinauf und radelte unter dem Abgesang schmutziger Lieder davon .	16	0:21	wo er eine solch Trampelmobil entdecken können , schwingen er sich hinauf und radeln unter d Abgesang schmutzig Lied davon .	PWAV PPER ART PIAT NN VVINF VMFIN $, VVFIN PPER PRF PTKVZ KON VVFIN APPR ART NN ADJA NN PTKVZ $.	
Abgesang	NN	1956	2	26120215_1956_07_22_02_192.tcf.xml-7-0	 	Abgesang rüpelhafter Lieder in eine Eckkneipe am Kreuzberg gestolpert, hatte randalierend nach Bier und Schnaps gebrüllt und die Bitte des Gastwirtes etwas ruhiger zu sein, auf Riesenart beantwortet, indem er den Kehlkopf desWirtes packte	0:8	0:238	Abgesang rüpelhafter Lieder in eine Eckkneipe am Kreuzberg gestolpert , hatte randalierend nach Bier und Schnaps gebrüllt und die Bitte des Gastwirtes etwas ruhiger zu sein , auf Riesenart beantwortet , indem er den Kehlkopf desWirtes packte	0	0:37	Abgesang rüpelhaft Lied in eine Eckkneipe am Kreuzberg stolpern , haben randalieren nach Bier und Schnaps brüllen und d Bitte d Gastwirt etwas ruhig zu sein , auf Riesenart beantworten , indem er d Kehlkopf Deswirtes packen	NN ADJA NN APPR ART NN APPRART NN VVPP $, VAFIN VVPP APPR NN KON NN VVPP KON ART NN ART NN ADV ADJD PTKZU VAINF $, APPR NN VVPP $, KOUS PPER ART NN NE VVFIN	
Abgesang	NN	1960	2	26120215_1960_02_03_01_306.tcf.xml-10-5	 	Und siehe: Untei dem Abgesang des alten Liedes von den Erleichterungen für die berufstäige Frau wurden jetzt nicht mehr 320 Geschäfte mit rund 12 Tonnen tafelfertiger Gerichte wie vordem beliefert, sondern nur noch zwei mit zwei Tonnen im Jahr.	21:29	0:244	Und siehe : Untei dem Abgesang des alten Liedes von den Erleichterungen für die berufstäige Frau wurden jetzt nicht mehr 320 Geschäfte mit rund 12 Tonnen tafelfertiger Gerichte wie vordem beliefert , sondern nur noch zwei mit zwei Tonnen im Jahr .	5	0:42	und sehen : untei d Abgesang d alt Lied von d Erleichterung für d berufstäige Frau werden jetzt nicht mehr 320 Geschäft mit rund 12 Tonne tafelfertig Gericht wie vordem beliefern , sondern nur noch zwei mit zwei Tonne im Jahr .	KON VVIMP $. VVFIN ART NN ART ADJA NN APPR ART NN APPR ART ADJA NN VAFIN ADV PTKNEG ADV CARD NN APPR ADJD CARD NN ADJA NN KOKOM ADV VVPP $, KON ADV ADV CARD APPR CARD NN APPRART NN $.	
Abgesang	NN	1964	2	26120215_1964_08_02_01_129.tcf.xml-29-30	 	Sammi bekam ein feines gedrucktes Dokument, daß er Besitzer des Mondes wäre, und Geschäftsmann Parker zog sich mit 50000 Dollar bar und einem Scheck über 150000 Dollar unter Abgesang frommer Lieder diskret zurück.	174:182	0:213	Sammi bekam ein feines gedrucktes Dokument , daß er Besitzer des Mondes wäre , und Geschäftsmann Parker zog sich mit 50000 Dollar bar und einem Scheck über 150000 Dollar unter Abgesang frommer Lieder diskret zurück .	30	0:36	Sammi bekommen eine fein gedruckt Dokument , daß er Besitzer d Mond sein , und Geschäftsmann Parker ziehen sich mit 50000 Dollar bar und eine Scheck über 150000 Dollar unter Abgesang fromm Lied diskret zurück .	NE VVFIN ART ADJA ADJA NN $, KOUS PPER NN ART NN VAFIN $, KON NN NE VVFIN PRF APPR CARD NN ADJD KON ART NN APPR CARD NN APPR NN ADJA NN ADJD PTKVZ $.	
Abgesang	NN	1975	2	26120215_1975_06_27_01_111.tcf.xml-3-13	 	8. Riemenwerk der Zugtiere,' 9. der auf die Strophe und Gegenstrophe folgende Abgesang, 11. Streitmacht, 13. nordostfranzosische Textilindustriestadt.	78:86	0:150	8. Riemenwerk der Zugtiere ,' 9. der auf die Strophe und Gegenstrophe folgende Abgesang , 11. Streitmacht , 13. nordostfranzosische Textilindustriestadt .	13	0:22	8. Riemenwerk d Zugtier ,' 9. d auf d Strophe und Gegenstrophe folgend Abgesang , 11. Streitmacht , 13. Nordostfranzosische Textilindustriestadt .	ADJA NN ART NN $( ADJA ART APPR ART NN KON NN ADJA NN $, ADJA NN $, ADJA NN NN $.	
Abgesang	NN	1985	2	26120215_1985_06_18_01_080.tcf.xml-16-19	 	Erstaunlich bleibt nur. daß er dem Helden Troilus den großen Abgang nimmt und dem: Pandarus den schwachen Abgesang läßt, obwohl damit die Große Geschichte auf den Hund eines Kupplers gebracht wird.	106:114	0:197	Erstaunlich bleibt nur . daß er dem Helden Troilus den großen Abgang nimmt und dem : Pandarus den schwachen Abgesang läßt , obwohl damit die Große Geschichte auf den Hund eines Kupplers gebracht wird .	19	0:35	erstaunlich bleiben nur . daß er d Held Troilus d groß Abgang nehmen und d : Pandarus d schwach Abgesang lassen , obwohl damit d groß Geschichte auf d Hund eine Kuppler bringen werden .	ADJD VVFIN ADV $. KOUS PPER ART NN NE ART ADJA NN VVFIN KON ART $( NN ART ADJA NN VVFIN $, KOUS PAV ART ADJA NN APPR ART NN ART NN VVPP VAFIN $.	
Abgesang	NN	1985	2	26120215_1985_09_26_01_090.tcf.xml-33-14	 	Er wählte einen Ausschnitt aus dem Roman „Radetzkymarsch", einen wehmütig ironischen Abgesang auf die k. u. k. Monarchie.	85:93	0:121	Er wählte einen Ausschnitt aus dem Roman „ Radetzkymarsch " , einen wehmütig ironischen Abgesang auf die k. u. k. Monarchie .	14	0:22	er wählen eine Ausschnitt aus d Roman „ Radetzkymarsch " , eine wehmütig ironisch Abgesang auf d k. u. k. Monarchie .	PPER VVFIN ART NN APPR ART NN $( NN $( $, ART ADJD ADJA NN APPR ART ADJA KON ADJA NN $.	
Abgesang	NN	1988	2	26120215_1988_12_20_01_107.tcf.xml-29-10	 	Dazu kommen Musik-Zitate, zum Schluß der freche, leichtsinnige Abgesang,. der „Abhauer" unter Fuchs' Anführung:	63:71	0:111	Dazu kommen Musik-Zitate , zum Schluß der freche , leichtsinnige Abgesang , . der „ Abhauer " unter Fuchs' Anführung :	10	0:21	dazu kommen Musik-Zitat , zum Schluß d frech , leichtsinnig Abgesang , . d „ Abhauer " unter Fuchs Anführung :	PAV VVFIN NN $, APPRART NN ART ADJA $, ADJA NN $, $. ART $( NN $( APPR NE NN $.	
Abgesang	NN	1989	2	26120215_1989_05_26_01_048.tcf.xml-10-3	 	Union vollzieht seinen Abgesang an der Alten Försterei gegen den 1. FCM. Seit Gründung des Klubs 1966 ist Union damit zum fünften Male abgestiegen.	23:31	0:147	Union vollzieht seinen Abgesang an der Alten Försterei gegen den 1. FCM. Seit Gründung des Klubs 1966 ist Union damit zum fünften Male abgestiegen .	3	0:25	Union vollziehen seine Abgesang an d alt Försterei gegen d 1. FCM. seit Gründung d Klub 1966 sein Union damit zum fünft Mal absteigen .	NN VVFIN PPOSAT NN APPR ART ADJA NN APPR ART ADJA NN APPR NN ART NN CARD VAFIN NN PAV APPRART ADJA NN VVPP $.	
Abgesang	NN	1989	2	26120215_1989_10_21_01_225.tcf.xml-11-1	 	Dieser Abgesang ging zart in das wohlige Schnarchen eines Schläfers über, das jedoch iah abbrach, als ein „Prost!" aus fünf, sechs Kehlen erklang und danach das „Achtzehn — zwanzig zwo einer Skatrunde.	7:15	0:201	Dieser Abgesang ging zart in das wohlige Schnarchen eines Schläfers über , das jedoch iah abbrach , als ein „ Prost ! " aus fünf , sechs Kehlen erklang und danach das „ Achtzehn — zwanzig zwo einer Skatrunde .	1	0:40	diese Abgesang gehen zart in d wohlig Schnarchen eine Schläfer über , die jedoch iah abbrechen , als eine „ Prost ! " aus fünf , sechs Kehle erklingen und danach d „ achtzehn — zwanzig Zwo eine Skatrunde .	PDAT NN VVFIN ADJD APPR ART ADJA NN ART NN APPR $, PRELS ADV ITJ VVFIN $, KOUS ART $( NN $. $( APPR CARD $, CARD NN VVFIN KON PAV ART $( CARD $( CARD NN ART NN $.	
Abgesang	NN	1990	2	26120215_1990_03_10_01_570.tcf.xml-2-8	 	War das gestern im Saalbau Friedrichshain schon der Abgesang auf den VEB HO-Gaststätten Berlin?	52:60	0:95	War das gestern im Saalbau Friedrichshain schon der Abgesang auf den VEB HO-Gaststätten Berlin ?	8	0:15	sein die gestern im Saalbau Friedrichshain schon d Abgesang auf d VEB Ho-Gaststätte Berlin ?	VAFIN PDS ADV APPRART NN NE ADV ART NN APPR ART NN NN NE $.	
Abgesang	NN	1990	2	26120215_1990_10_13_01_206.tcf.xml-2-5	 	Noch keine Woche nach ihrem Abgesang „AllerLetztes aus der DaDaeR" stellten sich Hans-Ek-■ ktuüt Wenzel und Steffen Mensching in der Akademie der Künste, gepusht von der Buschfunk-Produktion, auf die neuen politischen Tat-Sachen um und ein. -Hundekomödie" nennen sie ihren „neuen Clownsabend":	28:36	0:293	Noch keine Woche nach ihrem Abgesang „ AllerLetztes aus der DaDaeR " stellten sich Hans-Ek- ■ ktuüt Wenzel und Steffen Mensching in der Akademie der Künste , gepusht von der Buschfunk- Produktion , auf die neuen politischen Tat-Sachen um und ein . -Hundekomödie " nennen sie ihren „ neuen Clownsabend " :	5	0:52	noch keine Woche nach ihr Abgesang „ Allerletztes aus d Dadaer " stellen sich hans-ek- ■ Ktuüt Wenzel und Steffen Mensching in d Akademie d Kunst , pushen von d buschfunk- Produktion , auf d neu politisch Tat-Sache um und ein . -hundekomödie " nennen sie ihr „ neu Clownsabend " :	ADV PIAT NN APPR PPOSAT NN $( NE APPR ART NE $( VVFIN PRF TRUNC $( NE NE KON NE NE APPR ART NN ART NN $, VVPP APPR ART TRUNC NN $, APPR ART ADJA ADJA NN PTKVZ KON PTKVZ $. TRUNC $( VVFIN PPER PPOSAT $( ADJA NN $( $.	
Abgesang	NN	1990	2	26120215_1990_12_18_01_315.tcf.xml-34-3	 	Jetzt erklingt der Abgesang -in den „Weinberg" soll ein Reisebüro einziehen.	19:27	0:76	Jetzt erklingt der Abgesang - in den „ Weinberg " soll ein Reisebüro einziehen .	3	0:15	jetzt erklingen d Abgesang - in d „ Weinberg " sollen eine Reisebüro einziehen .	ADV VVFIN ART NN $( APPR ART $( NN $( VMFIN ART NN VVINF $.	
Abgesang	NN	1882	1	beyer_poetik01_1882-14241-24	 	An beide Strophenteile schloß sich häufig ein dritter meist ungleicher Teil, Epodos (ἐπῳδός), der zumeist das Lied wie ein Refrain oder Abgesang abschloß.	136:144	0:154	An beide Strophenteile schloß sich häufig ein dritter meist ungleicher Teil , Epodos (ἐπῳδός ) , der zumeist das Lied wie ein Refrain oder Abgesang abschloß .	24	0:27	an beide Strophenteil schließen sich häufig eine dritt meist ungleich Teil , Epodos (epodos ) , die zumeist d Lied wie eine Refrain oder Abgesang abschließen .	APPR PIAT NN VVFIN PRF ADJD ART ADJA ADV ADJA NN $, NE NE $( $, PRELS ADV ART NN KOKOM ART NN KON NN VVFIN $.	─ In den Chorliedern der Tragödie kehrten nämlich die Chormitglieder am Ende der Strophe in feierlich abgemessenen Schritten zur Hälfte nach rechts , zur Hälfte nach links um , ähnlich wie es z. B. im Menuett français Tanzfiguren gibt ; daher der Name στροφή == Wendung .
Abgesang	NN	1882	1	beyer_poetik01_1882-15784-15	 	Jn den 18 Kanzonen des Camoëns treten uns 14 durch Ausdehnung der Stollen und des Abgesangs verschiedene Strophengefüge entgegen.	82:91	0:129	Jn den 18 Kanzonen des Camoëns treten uns 14 durch Ausdehnung der Stollen und des Abgesangs verschiedene Strophengefüge entgegen .	15	0:20	in d 18 Kanzone d Camoes treten wir 14 durch Ausdehnung d Stollen und d Abgesang verschieden Strophengefüge entgegen .	APPR ART CARD NN ART NE VVFIN PPER CARD APPR NN ART NN KON ART NN ADJA NN PTKVZ $.	Tessoni nennt sie die Königinnen aller Kanzonen .
Abgesang	NN	1882	1	beyer_poetik01_1882-17007-22	 	Jn seltenen Fällen beschränkte sich jeder der 3 Teile auf je eine Zeile; häufiger fand man schon einzeilige Stollen und mehrzeiligen Abgesang (vgl. Beispiel h und i des vorigen Paragraphen).	133:141	0:190	Jn seltenen Fällen beschränkte sich jeder der 3 Teile auf je eine Zeile ; häufiger fand man schon einzeilige Stollen und mehrzeiligen Abgesang ( vgl. Beispiel h und i des vorigen Paragraphen ) .	22	0:34	in selten Fall beschränken sich jede d 3 Teil auf je eine Zeile ; häufig finden man schon einzeileig Stollen und mehrzeileig Abgesang ( Vgl. Beispiel h. und I d vorig Paragraph ) .	APPR ADJA NN VVFIN PRF PIAT ART CARD NN APPR ADV ART NN $. ADJD VVFIN PIS ADV ADJA NN KON ADJA NN $( NE NN VVFIN KON NE ART ADJA NN $( $.	Bei den Deutschen war die Beachtung des Gesetzes der Dreiteilung eine wesentliche Forderung , und man findet daher in der ganzen uns von den Franzosen im 30jährigen Krieg geraubten sogenannten Manesseschen Sammlung ( deren Zurückforderung ich 1871 in Nr. 4 der gelesenen Gartenlaube anregte ) keine fünfzig Beispiele , wo es nicht nachzuweisen wäre .
Abgesang	NN	1882	1	beyer_poetik01_1882-17039-17	 	Jn der 5 zeiligen Strophe von Des Mädchens Klage folgt auf den 4 zeiligen Aufgesang ein 1zeiliger Abgesang.	98:106	0:107	Jn der 5 zeiligen Strophe von Des Mädchens Klage folgt auf den 4 zeiligen Aufgesang ein 1zeiliger Abgesang .	17	0:19	in d 5 Zeilechen Strophe von d Mädchen Klage folgen auf d 4 Zeilechen Aufgesang eine 1zeiliger Abgesang .	APPR ART CARD NN NN APPR ART NN NN VVFIN APPR ART CARD NN NN ART ADJA NN $.	Deine Zauber binden wieder , Was die Mode streng geteilt ; Alle Menschen werden Brüder , Wo dein sanfter Flügel weilt .
Abgesang	NN	1882	1	beyer_poetik01_1882-17040-22	 	Jn den ersten Strophen der Klage der Ceres findet sich ein (wahrscheinlich nicht beabsichtigter) 4 zeiliger Aufgesang mit einem 8zeiligen Abgesang.	138:146	0:147	Jn den ersten Strophen der Klage der Ceres findet sich ein ( wahrscheinlich nicht beabsichtigter ) 4 zeiliger Aufgesang mit einem 8zeiligen Abgesang .	22	0:24	in d erst Strophe d Klage d Ceres finden sich eine ( wahrscheinlich nicht beabsichtigt ) 4 Zeiliger Aufgesang mit eine 8zeiligen Abgesang .	APPR ART ADJA NN ART NN ART NE VVFIN PRF ART $( ADJD PTKNEG ADJD $( CARD NN NN APPR ART ADJA NN $.	Chor .
Abgesang	NN	1882	1	beyer_poetik01_1882-17041-6	 	Goethe hat im Rattenfänger Auf-und Abgesang charakteristisch durch den Sinn getrennt.	35:43	0:85	Goethe hat im Rattenfänger Auf- und Abgesang charakteristisch durch den Sinn getrennt .	6	0:13	Goethe haben im Rattenfänger auf- und Abgesang charakteristisch durch d Sinn trennen .	NE VAFIN APPRART NN TRUNC KON NN ADJD APPR ART NN VVPP $.	Seid umschlungen , Millionen !
Abgesang	NN	1882	1	beyer_poetik01_1882-17247-77	 	„Der meisterliche Hort in vier gekrönten Tönen“ (v. d. Hagens Minnesinger IV. 932), dessen erstes Gesätz im langen Tone Müglins, das 2. im langen Tone Frauenlobs, das 3. im langen Ton Marners, das 4. im langen Ton Regenbogens gebildet ist; ein 5. Gesätz wurde in allen 4 Tönen gesungen, nämlich der 1. Stollen im langen Tone Müglins, der andere im langen Tone Frauenlobs, der halbe Abgesang im langen Marner, die andere Hälfte im langen Regenbogen &c.	382:390	0:451	„ Der meisterliche Hort in vier gekrönten Tönen “ ( v. d. Hagens Minnesinger IV. 932 ) , dessen erstes Gesätz im langen Tone Müglins , das 2. im langen Tone Frauenlobs , das 3. im langen Ton Marners , das 4. im langen Ton Regenbogens gebildet ist ; ein 5. Gesätz wurde in allen 4 Tönen gesungen , nämlich der 1. Stollen im langen Tone Müglins , der andere im langen Tone Frauenlobs , der halbe Abgesang im langen Marner , die andere Hälfte im langen Regenbogen &c .	77	0:90	" d meisterlich Hort in vier gekrönt Ton " ( v. d. Hagens Minnesinger Iv. 932 ) , die erst Gesetz im lang Ton Müglins , die 2. im lang Ton Frauenlob , die 3. im lang Ton Marner , die 4. im lang Ton Regenbogen bilden sein ; eine 5. Gesetz werden in alle 4 Ton singen , nämlich d 1. Stollen im lang Ton Müglins , die andere im lang Ton Frauenlob , d halb Abgesang im lang Marneer , d ander Hälfte im lang Regenbogen et_cetera .	$( ART ADJA NN APPR CARD ADJA NN $( $( APPR ART NE NN NE CARD $( $, PRELAT ADJA NN APPRART ADJA NN NE $, PRELS ADV APPRART ADJA NN NN $, PRELS ADV APPRART ADJA NN NE $, PRELS ADV APPRART ADJA NN NN VVPP VAFIN $. ART ADJA NN VAFIN APPR PIAT CARD NN VVPP $, ADV ART ADJA NN APPRART ADJA NN NE $, PRELS PIS APPRART ADJA NN NN $, ART ADJA NN APPRART ADJA NN $, ART ADJA NN APPRART ADJA NN ADV $.	Fast in allen Tönen der Minnesinger versuchten sich die Meistersänger .
Abgesang	NN	1882	1	beyer_poetik01_1882-17976-10	 	Sie ist die Vierzeile a b a b mit dem Abgesang b a.	38:46	0:51	Sie ist die Vierzeile a b a b mit dem Abgesang b a .	10	0:14	sie sein d Vierzeile a b a b mit d Abgesang b a .	PPER VAFIN ART NN XY XY XY XY APPR ART NN XY XY $.	Beispiel :
Abgesang	NN	1882	1	beyer_poetik01_1882-18181-6	 	Rechnet man die 19 Kombinationen des Abgesangs zu den vier Grundformen des vierzeiligen Aufgesangs, so ergiebt dies 19 × 4 == 76 Variationen der siebenzeiligen Strophe.	37:46	0:168	Rechnet man die 19 Kombinationen des Abgesangs zu den vier Grundformen des vierzeiligen Aufgesangs , so ergiebt dies 19 × 4 == 76 Variationen der siebenzeiligen Strophe .	6	0:28	rechnen man d 19 Kombination d Abgesang zu d vier Grundform d vierzeileig Aufgesang , so ergeben diese 19 x 4 == 76 Variation d siebenzeileig Strophe .	VVFIN PIS ART CARD NN ART NN APPR ART CARD NN ART ADJA NN $, ADV VVFIN PDS CARD $( CARD XY CARD NN ART ADJA NN $.	Sie entsteht durch Hinzufügung eines 3zeiligen Abgesanges an einen aus zwei gleichen Stollen bestehenden vierzeiligen Aufgesang .
Abgesang	NN	1882	1	beyer_poetik01_1882-3724-6	 	Jm lyrischen Gedicht hält der kurze Abgesang den beiden Stollen des Aufgesangs die Wage; in der Priamel die zusammenfassende letzte Verszeile allen übrigen vorhergehenden.	36:44	0:171	Jm lyrischen Gedicht hält der kurze Abgesang den beiden Stollen des Aufgesangs die Wage ; in der Priamel die zusammenfassende letzte Verszeile allen übrigen vorhergehenden .	6	0:26	im lyrisch Gedicht halten d kurz Abgesang d beide Stollen d Aufgesang d Waage ; in d Priamel d zusammenfaßend letzte Verszeile alle übrig vorhergehend .	APPRART ADJA NN VVFIN ART ADJA NN ART PIAT NN ART NN ART NN $. APPR ART NN ART ADJA ADJA NN PIAT ADJA ADJA $.	Im lyrischen Gedicht hält der kurze Abgesang den beiden Stollen des Aufgesangs die Waage ; in der Priamel die zusammenfassende letzte Verszeile allen übrigen vorhergehenden .
Abgesang	NN	1884	1	beyer_poetik03_1884-2033-7	 	3. Fügt man der Zweizeile einen einzeiligen Abgesang an, so entsteht die Dreizeile.	44:52	0:83	3. Fügt man der Zweizeile einen einzeiligen Abgesang an , so entsteht die Dreizeile .	7	0:15	3. fügen man d Zweizeile eine einzeileig Abgesang an , so entstehen d Dreizeile .	ADV VVFIN PIS ART NN ART ADJA NN PTKVZ $, ADV VVFIN ART NN $.	3. Fügt man der Zweizeile einen einzeiligen Abgesang an , so entsteht die Dreizeile .
Abgesang	NN	1884	1	beyer_poetik03_1884-2863-10	 	2. Da das Sonett aus 8 zeiligem Aufgesang und 6zeiligem Abgesang besteht, so muß vor allem der für dasselbe bestimmte Stoff in zwei Gruppen abgegrenzt werden.	56:64	0:158	2. Da das Sonett aus 8 zeiligem Aufgesang und 6zeiligem Abgesang besteht , so muß vor allem der für dasselbe bestimmte Stoff in zwei Gruppen abgegrenzt werden .	10	0:28	2. da d Sonett aus 8 Zeiligem Aufgesang und 6zeiligem Abgesang bestehen , so müssen vor alle d für dasselbe bestimmt Stoff in zwei Gruppe abgrenzen werden .	ADV KOUS ART NN APPR CARD NN NN KON ADJA NN VVFIN $, ADV VMFIN APPR PIS ART APPR PDAT ADJA NN APPR CARD NN VVPP VAINF $.	2. Da das Sonett aus 8 zeiligem Aufgesang und 6zeiligem Abgesang besteht , so muß vor allem der für dasselbe bestimmte Stoff in zwei Gruppen abgegrenzt werden .
Abgesang	NN	1884	1	beyer_poetik03_1884-4074-23	 	5. Der Stoff einer jeden Strophe besteht augenfällig aus zwei Teilen, von denen der erstere den Aufgesang, der letztere den ausführenden Abgesang zu bilden vermag.	137:145	0:163	5. Der Stoff einer jeden Strophe besteht augenfällig aus zwei Teilen , von denen der erstere den Aufgesang , der letztere den ausführenden Abgesang zu bilden vermag .	23	0:28	5. d Stoff eine jede Strophe bestehen augenfällig aus zwei Teil , von die d erstere d Aufgesang , die letztere d ausführend Abgesang zu bilden vermögen .	ADV ART NN ART PIAT NN VVFIN ADJD APPR CARD NN $, APPR PRELS ART PIS ART NN $, PRELS PIS ART ADJA NN PTKZU VVINF VVFIN $.	5. Der Stoff einer jeden Strophe besteht augenfällig aus zwei Teilen , von denen der erstere den Aufgesang , der letztere den ausführenden Abgesang zu bilden vermag .
Abgesang	NN	1858	1	gottschall_poetik_1858-3887-10	 	Die gleichen Theile heißen in Deutschland Stollen, der ungleiche Abgesang.“	65:73	0:75	Die gleichen Theile heißen in Deutschland Stollen , der ungleiche Abgesang . “	10	0:13	d gleich Teil heißen in Deutschland Stollen , d ungleich Abgesang . "	ART ADJA NN VVFIN APPR NE NE $, ART ADJA NN $. $(	Die gleichen Teile heißen in Deutschland Stollen , der ungleiche Abgesang . "
Abgesang	NN	1811	1	grimm_meistergesang_1811-1993-32	 	In Frauenlobs blauem Ton reimt die zweite Silbe des ersten Stollen mit der vorletzten Zeile des Abgesangs — in seinem neuen, die erste Silbe des ersten Stollen mit der letzten des Abgesangs, und ferner die ersten Silben der ersten und zweiten Zeile des Abgesangs mit der letzten Silbe der vorletzten Zeile des Abgesangs — in Caspar Ottendörfers hoher Jünglingsweis die erste Silbe der ersten und letzte der zweiten Zeile jedwedes Stollen — in Walters langem Ton (wie ihn die späteren Schulen singen) reimen die ersten Silben jedes Stollen zusammen.	180:189	0:548	In Frauenlobs blauem Ton reimt die zweite Silbe des erſten Stollen mit der vorletzten Zeile des Abgeſangs — in ſeinem neuen , die erſte Silbe des erſten Stollen mit der letzten des Abgeſangs , und ferner die erſten Silben der erſten und zweiten Zeile des Abgeſangs mit der letzten Silbe der vorletzten Zeile des Abgeſangs — in Caſpar Ottendoͤrfers hoher Juͤnglingsweis die erſte Silbe der erſten und letzte der zweiten Zeile jedwedes Stollen — in Walters langem Ton ( wie ihn die ſpaͤteren Schulen ſingen ) reimen die erſten Silben jedes Stollen zuſammen .	32	0:94	in Frauenlob blau Ton reimen d zweit Silbe d erst Stollen mit d vorletzt Zeile d Abgesang -- in seine neu , d erst Silbe d erst Stollen mit d letzte d Abgesang , und ferner d erst Silbe d erst und zweit Zeile d Abgesang mit d letzte Silbe d vorletzt Zeile d Abgesang -- in Caspar Ottendörfers hoch Jünglingsweiß d erst Silbe d erst und letzte d zweit Zeile jedwede Stollen -- in Walters lang Ton ( wie er d spät Schule singen ) reimen d erst Silbe jede Stollen zusammen .	APPR NN ADJA NN VVFIN ART ADJA NN ART ADJA NN APPR ART ADJA NN ART NN $( APPR PPOSAT ADJA $, ART ADJA NN ART ADJA NN APPR ART ADJA ART NN $, KON ADV ART ADJA NN ART ADJA KON ADJA NN ART NN APPR ART ADJA NN ART ADJA NN ART NN $( APPR NE NE ADJA NN ART ADJA NN ART ADJA KON ADJA ART ADJA NN PIAT NN $( APPR NE ADJA NN $( PWAV PPER ART ADJA NN VVINF $( VVFIN ART ADJA NN PIAT NN PTKVZ $.	In Frauenlobs blauem Ton reimt die zweite Silbe des ersten Stollen mit der vorletzten Zeile des Abgesangs -- in seinem neuen , die erste Silbe des ersten Stollen mit der letzten des Abgesangs , und ferner die ersten Silben der ersten und zweiten Zeile des Abgesangs mit der letzten Silbe der vorletzten Zeile des Abgesangs -- in Caspar Ottendörfers hoher Jünglingsweiss die erste Silbe der ersten und letzte der zweiten Zeile jedwedes Stollen -- in Walters langem Ton ( wie ihn die späteren Schulen singen ) reimen die ersten Silben jedes Stollen zusammen .
Abgesang	NN	1811	1	grimm_meistergesang_1811-1993-54	 	In Frauenlobs blauem Ton reimt die zweite Silbe des ersten Stollen mit der vorletzten Zeile des Abgesangs — in seinem neuen, die erste Silbe des ersten Stollen mit der letzten des Abgesangs, und ferner die ersten Silben der ersten und zweiten Zeile des Abgesangs mit der letzten Silbe der vorletzten Zeile des Abgesangs — in Caspar Ottendörfers hoher Jünglingsweis die erste Silbe der ersten und letzte der zweiten Zeile jedwedes Stollen — in Walters langem Ton (wie ihn die späteren Schulen singen) reimen die ersten Silben jedes Stollen zusammen.	310:319	0:548	In Frauenlobs blauem Ton reimt die zweite Silbe des erſten Stollen mit der vorletzten Zeile des Abgeſangs — in ſeinem neuen , die erſte Silbe des erſten Stollen mit der letzten des Abgeſangs , und ferner die erſten Silben der erſten und zweiten Zeile des Abgeſangs mit der letzten Silbe der vorletzten Zeile des Abgeſangs — in Caſpar Ottendoͤrfers hoher Juͤnglingsweis die erſte Silbe der erſten und letzte der zweiten Zeile jedwedes Stollen — in Walters langem Ton ( wie ihn die ſpaͤteren Schulen ſingen ) reimen die erſten Silben jedes Stollen zuſammen .	54	0:94	in Frauenlob blau Ton reimen d zweit Silbe d erst Stollen mit d vorletzt Zeile d Abgesang -- in seine neu , d erst Silbe d erst Stollen mit d letzte d Abgesang , und ferner d erst Silbe d erst und zweit Zeile d Abgesang mit d letzte Silbe d vorletzt Zeile d Abgesang -- in Caspar Ottendörfers hoch Jünglingsweiß d erst Silbe d erst und letzte d zweit Zeile jedwede Stollen -- in Walters lang Ton ( wie er d spät Schule singen ) reimen d erst Silbe jede Stollen zusammen .	APPR NN ADJA NN VVFIN ART ADJA NN ART ADJA NN APPR ART ADJA NN ART NN $( APPR PPOSAT ADJA $, ART ADJA NN ART ADJA NN APPR ART ADJA ART NN $, KON ADV ART ADJA NN ART ADJA KON ADJA NN ART NN APPR ART ADJA NN ART ADJA NN ART NN $( APPR NE NE ADJA NN ART ADJA NN ART ADJA KON ADJA ART ADJA NN PIAT NN $( APPR NE ADJA NN $( PWAV PPER ART ADJA NN VVINF $( VVFIN ART ADJA NN PIAT NN PTKVZ $.	In Frauenlobs blauem Ton reimt die zweite Silbe des ersten Stollen mit der vorletzten Zeile des Abgesangs -- in seinem neuen , die erste Silbe des ersten Stollen mit der letzten des Abgesangs , und ferner die ersten Silben der ersten und zweiten Zeile des Abgesangs mit der letzten Silbe der vorletzten Zeile des Abgesangs -- in Caspar Ottendörfers hoher Jünglingsweiss die erste Silbe der ersten und letzte der zweiten Zeile jedwedes Stollen -- in Walters langem Ton ( wie ihn die späteren Schulen singen ) reimen die ersten Silben jedes Stollen zusammen .
Abgesang	NN	1811	1	grimm_meistergesang_1811-2157-70	 	Ich enthalte mich aber in diesen Theil des Gegenstands weiter einzugehen; ist erst einmal der Meistergesang anerkannt, so kann sicherer und unbefangener über die Geschichte gewisser Meistertöne gehandelt werden; von der Richtigkeit der hier im Druck beibehaltenen Abtheilungen bin ich um so weniger überzeugt, als dabei offenbare Nachlässigkeiten mitunter laufen, z. B. in der zweiten Strophe des letzten Lieds ist der deutliche zweite Reim des Abgesangs auszurücken vergessen worden.	445:454	0:484	Ich enthalte mich aber in dieſen Theil des Gegenſtands weiter einzugehen ; iſt erſt einmal der Meiſtergeſang anerkannt , ſo kann ſicherer und unbefangener uͤber die Geſchichte gewiſſer Meiſtertoͤne gehandelt werden ; von der Richtigkeit der hier im Druck beibehaltenen Abtheilungen bin ich um ſo weniger uͤberzeugt , als dabei offenbare Nachlaͤſſigkeiten mitunter laufen , z. B. in der zweiten Strophe des letzten Lieds iſt der deutliche zweite Reim des Abgeſangs auszuruͤcken vergeſſen worden .	70	0:75	ich enthalten mich aber in diese Teil d Gegenstand weiter eingehen ; sein erst einmal d Meistergesang anerkennen , so können sicher und unbefangen über d Geschichte gewiß Meisterton handeln werden ; von d Richtigkeit d hier im Druck beibehalten Abteilung sein ich um so wenige überzeugen , als dabei offenbaren Nachlässigkeit mitunter laufen , z. B. in d zweit Strophe d letzte Lied sein d deutlich zweit Reim d Abgesang ausrücken vergessen werden .	PPER VVFIN PRF ADV APPR PDAT NN ART NN ADV VVIZU $. VAFIN ADV ADV ART NN VVPP $, ADV VMFIN ADJD KON ADJD APPR ART NN ADJA NN VVPP VAINF $. APPR ART NN ART ADV APPRART NN ADJA NN VAFIN PPER KOUI ADV ADV VVPP $, KOUS PAV VVFIN NN ADV VVINF $, APPRART NN APPR ART ADJA NN ART ADJA NN VAFIN ART ADJA ADJA NN ART NN VVIZU VVPP VAPP $.	Ich enthalte mich aber in diesen Teil des Gegenstands weiter einzugehen ; ist erst einmal der Meistergesang anerkannt , so kann sicherer und unbefangener über die Geschichte gewisser Meistertöne gehandelt werden ; von der Richtigkeit der hier im Druck beibehaltenen Abteilungen bin ich um so weniger überzeugt , als dabei offenbare Nachlässigkeiten mitunter laufen , z. B. in der zweiten Strophe des letzten Lieds ist der deutliche zweite Reim des Abgesangs auszurücken vergessen worden .
Abgesang	NN	1811	1	grimm_meistergesang_1811-384-1	 	Der Abgesang ist gewöhnlich keiner weiteren Zerlegung fähig, zuweilen könnte man ihn auch in zwei eigene Theile zerschneiden, wo sich aber fast immer zuletzt ein Anhang findet.	4:12	0:176	Der Abgeſang iſt gewoͤhnlich keiner weiteren Zerlegung faͤhig , zuweilen koͤnnte man ihn auch in zwei eigene Theile zerſchneiden , wo ſich aber faſt immer zuletzt ein Anhang findet .	1	0:30	d Abgesang sein gewöhnlich keine weit Zerlegung fähig , zuweilen können man er auch in zwei eigen Teil zerschneiden , wo sich aber fast immer zuletzt eine Anhang finden .	ART NN VAFIN ADJD PIAT ADJA NN ADJD $, ADV VMFIN PIS PPER ADV APPR CARD ADJA NN VVINF $, PWAV PRF ADV ADV ADV ADV ART NN VVFIN $.	Der Abgesang ist gewöhnlich keiner weiteren Zerlegung fähig , zuweilen könnte man ihn auch in zwei eigene Teile zerschneiden , wo sich aber fast immer zuletzt ein Anhang findet .
Abgesang	NN	1811	1	grimm_meistergesang_1811-433-16	 	In den gleich zugefügten Anmerkungen habe ich nun schon dargethan, wie sich die Zeilen des Abgesangs meistens äußerlich unterscheiden, und selbst was die ganz gleichzeitigen darunter betrifft, so komme ich auf meine obige Bemerkung zurück, daß uns hier die Musik fehlt, welche nicht anders als in den Nibelungen die drei Theile bestimmt haben wird.	91:100	0:348	In den gleich zugefuͤgten Anmerkungen habe ich nun ſchon dargethan , wie ſich die Zeilen des Abgeſangs meiſtens aͤußerlich unterſcheiden , und ſelbſt was die ganz gleichzeitigen darunter betrifft , ſo komme ich auf meine obige Bemerkung zuruͤck , daß uns hier die Muſik fehlt , welche nicht anders als in den Nibelungen die drei Theile beſtimmt haben wird .	16	0:60	in d gleich zugefügt Anmerkung haben ich nun schon dartuen , wie sich d Zeile d Abgesang meistens äußerlich unterscheiden , und selbst was d ganz gleichzeitig darunter betreffen , so kommen ich auf meine obig Bemerkung zurück , daß wir hier d Musik fehlen , welche nicht anders als in d Nibelunge d drei Teil bestimmen haben werden .	APPR ART ADV ADJA NN VAFIN PPER ADV ADV VVPP $, PWAV PRF ART NN ART NN ADV ADJD VVINF $, KON ADV PWS ART ADV ADJA PAV VVFIN $, ADV VVFIN PPER APPR PPOSAT ADJA NN PTKVZ $, KOUS PPER ADV ART NN VVFIN $, PRELS PTKNEG ADV KOKOM APPR ART NN ART CARD NN VVPP VAINF VAFIN $.	In den gleich zugefügten Anmerkungen habe ich nun schon dargetan , wie sich die Zeilen des Abgesangs meistens äußerlich unterscheiden , und selbst was die ganz gleichzeitigen darunter betrifft , so komme ich auf meine obige Bemerkung zurück , daß uns hier die Musik fehlt , welche nicht anders als in den Nibelungen die drei Teile bestimmt haben wird .
Abgesang	NN	1811	1	grimm_meistergesang_1811-530-5	 	Die letzte Silbe diesmal im Abgesang selbst gebunden und zwar in der Anfangssilbe seiner zweiten Zeile.	28:36	0:103	Die letzte Silbe diesmal im Abgeſang ſelbſt gebunden und zwar in der Anfangsſilbe ſeiner zweiten Zeile .	5	0:17	d letzte Silbe diesmal im Abgesang selbst binden und zwar in d Anfangssilbe seine zweit Zeile .	ART ADJA NN ADV APPRART NN ADV VVPP KON ADV APPR ART NN PPOSAT ADJA NN $.	Die letzte Silbe diesmal im Abgesang selbst gebunden und zwar in der Anfangssilbe seiner zweiten Zeile .
Abgesang	NN	1811	1	grimm_meistergesang_1811-702-55	 	So habe ich, wenn man einmal nach den Zeilen der Stollen classisiciren wollte, (welches in vieler Rücksicht am bequemsten,) zu den Liedern mit dreizeiligen Stollen Variationen der Abgesänge von 1 bis 9 Reimen, (also Strophen von 7 bis 15 Reimen) gefunden; zu denen mit vierzeiligen Stollen Abgesänge von 1 bis 9, und zwei von 12, einen von 18 Reimen, mithin Töne von 9 — 17 und von 20 und 26.	290:299	0:392	So habe ich , wenn man einmal nach den Zeilen der Stollen claſſiſiciren wollte , ( welches in vieler Ruͤckſicht am bequemſten , ) zu den Liedern mit dreizeiligen Stollen Variationen der Abgeſaͤnge von 1 bis 9 Reimen , ( alſo Strophen von 7 bis 15 Reimen ) gefunden ; zu denen mit vierzeiligen Stollen Abgeſaͤnge von 1 bis 9 , und zwei von 12 , einen von 18 Reimen , mithin Toͤne von 9 — 17 und von 20 und 26 .	55	0:83	so haben ich , wenn man einmal nach d Zeile d Stollen Classisiciren wollen , ( welche in viel Rücksicht am bequem , ) zu d Lied mit dreizeileig Stollen Variation d Abgesang von 1 bis 9 Reim , ( also Strophe von 7 bis 15 Reim ) finden ; zu die mit vierzeileig Stollen Abgesang von 1 bis 9 , und zwei von 12 , eine von 18 Reim , mithin Ton von 9 -- 17 und von 20 und 26 .	ADV VAFIN PPER $, KOUS PIS ADV APPR ART NN ART NN NE VMFIN $, $( PRELS APPR PIAT NN APPRART ADJA $, $( APPR ART NN APPR ADJA NN NN ART NN APPR CARD APPR CARD NN $, $( ADV NN APPR CARD APPR CARD NN $( VVPP $. APPR PRELS APPR ADJA NN NN APPR CARD APPR CARD $, KON CARD APPR CARD $, ART APPR CARD NN $, ADV NN APPR CARD $( CARD KON APPR CARD KON CARD $.	So habe ich , wenn man einmal nach den Zeilen der Stollen classisiciren wollte , ( welches in vieler Rücksicht am bequemsten , ) zu den Liedern mit dreizeiligen Stollen Variationen der Abgesänge von 1 bis 9 Reimen , ( also Strophen von 7 bis 15 Reimen ) gefunden ; zu denen mit vierzeiligen Stollen Abgesänge von 1 bis 9 , und zwei von 12 , einen von 18 Reimen , mithin Töne von 9 -- 17 und von 20 und 26 .
Abgesang	NN	1811	1	grimm_meistergesang_1811-710-26	 	Die Mss. entscheiden hier nichts, da man erst seit dem 15ten Jahrhundert die einzelnen Zeilen abgesetzt findet, obgleich man schon früher die Stollen und Abgesänge unterschied, was sich in den frühsten Mss. auch nicht einmal zeigt.	154:163	0:231	Die Mss. entſcheiden hier nichts , da man erſt ſeit dem 15ten Jahrhundert die einzelnen Zeilen abgeſetzt findet , obgleich man ſchon fruͤher die Stollen und Abgeſaͤnge unterſchied , was ſich in den fruͤhſten Mss. auch nicht einmal zeigt .	26	0:40	d Mss. entscheiden hier nichts , da man erst seit d 15ten Jahrhundert d einzeln Zeile absetzen finden , obgleich man schon früh d Stollen und Abgesang unterscheiden , was sich in d früh Mss. auch nicht einmal zeigen .	ART NN VVFIN ADV PIS $, KOUS PIS ADV APPR ART ADJA NN ART ADJA NN VVPP VVFIN $, KOUS PIS ADV ADJD ART NN KON NN VVFIN $, PRELS PRF APPR ART ADJA NN ADV PTKNEG ADV VVFIN $.	Die Mss. entscheiden hier nichts , da man erst seit dem 15ten Jahrhundert die einzelnen Zeilen abgesetzt findet , obgleich man schon früher die Stollen und Abgesänge unterschied , was sich in den frühsten Mss. auch nicht einmal zeigt .
Abgesang	NN	1811	1	grimm_meistergesang_1811-757-20	 	Es ist recht merkwürdig, daß in keinem der mir vorgekommenen, Schulkunst überschriebenen Meisterlieder ein Wort von Stoll oder Abgesang und deren Unerläßlichkeit stehet.	127:135	0:169	Es iſt recht merkwuͤrdig , daß in keinem der mir vorgekommenen , Schulkunſt uͤberſchriebenen Meiſterlieder ein Wort von Stoll oder Abgeſang und deren Unerlaͤßlichkeit ſtehet .	20	0:26	es sein recht merkwürdig , daß in keine d ich vorgekommen , Schulkunst überschreiben Meisterlied eine Wort von Stoll oder Abgesang und die Unerläßlichkeit stehen .	PPER VAFIN ADV ADJD $, KOUS APPR PIS ART PPER ADJA $, NN ADJA NN ART NN APPR NE KON NN KON PRELAT NN VVFIN $.	Es ist recht merkwürdig , daß in keinem der mir vorgekommenen , Schulkunst überschriebenen Meisterlieder ein Wort von Stoll oder Abgesang und deren Unerläßlichkeit steht .
Abgesang	NN	1893	1	wilamowitz_aristoteles02_1893-1605-313	 	Das buch ist so geordnet, dass zuerst die gedichte in dem gewöhnlichen skolientone stehn, einer zwar aeolischen, aber nicht mehr wirklich ächt aeolischen strophe. die stollen werden durch je einen phalaeceischen elfsylbler gebildet, in dem jedoch bereits ein dreisylbiger, anapaestischer anlaut statt des aeolischen zweisylbigen, hier nie mehr doppelkurzen, vorkommt (ὑγιαί / νειν), und, allerdings unter dem drucke von unbequemen eigennamen, eine verdoppelung der zweisylbigen senkung (Ἁϱμόδιος καὶ Ἀϱιστογείτων). beides ist in der sylbenzählenden metrik von Lesbos undenkbar. der abgesang ist in den meisten fällen durch synaphie gebunden. von den vier gliedern die ihn bilden ist das zweite einmal durch hiat abgesetzt, oder vielmehr durch unerlaubten hiat, da er ein proklitikon abtrennt (ἀγαϑούς τε καὶ / εὐπατϱίδας 24), ebenso auch nur einmal das dritte (κλῄσαντα πάλιν / ἄνδϱα 6), so dass man die vollen dativformen in der elision herzustellen berechtigt ist (ἐμαῖσ̕ / εὔφϱοσι 4, ϑυσίαισ̕ ἄνδϱα 12; ebenso natürlich im verse στεφανηφόϱοισ̕ ἐν 3, βϱομίαισ̕ οὐδέ 5, δειλοῖσ̕ ὀλίγη 14, ἀγαϑοῖσ̕ ἀνδϱάσι 23, βϱοτοῖσ̕ ἐν 25; die vocalisirung der dative der ersten declination ist mir zweifelhaft). wortschluss suchen alle dichter hinter dem zweiten gliede, etwa die hälfte hinter dem ersten, niemand zwischen den gliedern drei und vier. denn der abgesang in sich ist wieder eine kleine trias, von der form a + b c c. sein stollen ist das kleine sechssylbige glied, das die eine der normalformen des dochmius geworden ist, uns am geläufigsten aus dem stollen der alkaischen strophe ἐκ δ̕ ὀϱάνω μέγας, stat nive candidem. ein dichter (10) hat sich die abwechselung erlaubt, statt seiner das um eine sylbe kürzere glied zu verdoppeln, das uns aus dem abgesang der sapphischen strophe am geläufigsten ist, ὢ τὸν Ἄδωνιν, terruit urbem. schon Sappho hat es in pare verbunden stichisch wiederholt, μαψυλάκαν γλῶσσαν πεφυ-λάχϑαι; Pindar schliesst damit die kleine strophe des liedes auf den Acharner Timodemides ἐν πολυυμνήτῳ Διὸς ἄλσει. des abgesanges abgesang ist ein seltsames ding; zwar sein zweites glied ist nur wieder um eine sylbe kürzer als der adoneus, sieht also einem choriamben gleich, aber davor steht das glied ἐκ δ̕ ὀϱάνω μέγας ohne die erste sylbe, also eine jener in Lesbos unerhörten, auch bei Pindar seltenen und in den aeolischen strophen der tragoedie wenigstens nicht häufigen glieder mit anlautender obligatorischer doppelkürze. ich fasse sie in der tat als apokopirt, wie ich die ersten glieder in dochmien, daktyloepitriten, ja selbst in ionikern vereinzelt, ansehe.	1750:1758	0:2586	Das buch ist so geordnet , daſs zuerst die gedichte in dem gewöhnlichen skolientone stehn , einer zwar aeolischen , aber nicht mehr wirklich ächt aeolischen strophe . die stollen werden durch je einen phalaeceischen elfsylbler gebildet , in dem jedoch bereits ein dreisylbiger , anapaestischer anlaut statt des aeolischen zweisylbigen , hier nie mehr doppelkurzen , vorkommt (ὑγιαί / νειν ) , und , allerdings unter dem drucke von unbequemen eigennamen , eine verdoppelung der zweisylbigen senkung (Ἁϱμόδιος καὶ Ἀϱιστογείτων ) . beides ist in der sylbenzählenden metrik von Lesbos undenkbar . der abgesang ist in den meisten fällen durch synaphie gebunden . von den vier gliedern die ihn bilden ist das zweite einmal durch hiat abgesetzt , oder vielmehr durch unerlaubten hiat , da er ein proklitikon abtrennt (ἀγαϑούς τε καὶ / εὐπατϱίδας 24 ) , ebenso auch nur einmal das dritte (κλῄσαντα πάλιν / ἄνδϱα 6 ) , so daſs man die vollen dativformen in der elision herzustellen berechtigt ist (ἐμαῖσ̕ / εὔφϱοσι 4 , ϑυσίαισ̕ ἄνδϱα 12 ; ebenso natürlich im verse στεφανηφόϱοισ̕ ἐν 3 , βϱομίαισ̕ οὐδέ 5 , δειλοῖσ̕ ὀλίγη 14 , ἀγαϑοῖσ̕ ἀνδϱάσι 23 , βϱοτοῖσ̕ ἐν 25 ; die vocalisirung der dative der ersten declination ist mir zweifelhaft ) . wortschluſs suchen alle dichter hinter dem zweiten gliede , etwa die hälfte hinter dem ersten , niemand zwischen den gliedern drei und vier . denn der abgesang in sich ist wieder eine kleine trias , von der form a + b c c. sein stollen ist das kleine sechssylbige glied , das die eine der normalformen des dochmius geworden ist , uns am geläufigsten aus dem stollen der alkaischen strophe ἐκ δ̕ ὀϱάνω μέγας , stat nive candidem . ein dichter ( 10 ) hat sich die abwechselung erlaubt , statt seiner das um eine sylbe kürzere glied zu verdoppeln , das uns aus dem abgesang der sapphischen strophe am geläufigsten ist , ὢ τὸν Ἄδωνιν , terruit urbem . schon Sappho hat es in pare verbunden stichisch wiederholt , μαψυλάκαν γλῶσσαν πεφυ- λάχϑαι ; Pindar schlieſst damit die kleine strophe des liedes auf den Acharner Timodemides ἐν πολυυμνήτῳ Διὸς ἄλσει . des abgesanges abgesang ist ein seltsames ding ; zwar sein zweites glied ist nur wieder um eine sylbe kürzer als der adoneus , sieht also einem choriamben gleich , aber davor steht das glied ἐκ δ̕ ὀϱάνω μέγας ohne die erste sylbe , also eine jener in Lesbos unerhörten , auch bei Pindar seltenen und in den aeolischen strophen der tragoedie wenigstens nicht häufigen glieder mit anlautender obligatorischer doppelkürze . ich fasse sie in der tat als apokopirt , wie ich die ersten glieder in dochmien , daktyloepitriten , ja selbst in ionikern vereinzelt , ansehe .	313	0:457	d Buch sein so ordnen , dass zuerst d Gedicht in d gewöhnlich Skolientone stehen , eine zwar äolisch , aber nicht mehr wirklich echt äolisch Strophe . d stollen werden durch je eine Phalaeceischen Elfsylbler bilden , in die jedoch bereits eine dreisilbeig , anapästisch Anlaut statt d äolisch zweisilbeig , hier nie mehr doppelkurz , vorkommen (ugiai / nein ) , und , allerdings unter d drucken von unbequem Eigenname , eine Verdoppelung d zweisilbeig Senkung (Armodios Καὶ Ἀϱιστογείτων ) . beide sein in d silbenzählend Metrik von Lesbos undenkbar . d Abgesang sein in d meiste fällen durch Synaphie binden . von d vier gliedern d er bilden sein d zweit einmal durch Hiat absetzen , oder vielmehr durch unerlaubt Hiat , da er eine Proklitikon abtrennen (agathous Τε Καὶ / εὐπατϱίδας 24 ) , ebenso auch nur einmal d dritt (klesanta Πάλιν / ἄνδϱα 6 ) , so dass man d voll Dativform in d Elision herstellen berechtigt sein (emais / Εὔφϱοσι 4 , Θυσίαισ̕ Ἄνδϱα 12 ; ebenso natürlich im verse στεφανηφόϱοισ̕ ἐν 3 , Βϱομίαισ̕ Οὐδέ 5 , Δειλοῖσ̕ Ὀλίγη 14 , Ἀγαϑοῖσ̕ Ἀνδϱάσι 23 , Βϱοτοῖσ̕ Ἐν 25 ; d Vokalisierung d Dative d erst Deklination sein ich zweifelhaft ) . Wortschluß suchen alle dicht hinter d zweit Glied , etwa d hälften hinter d erst , niemand zwischen d gliedern drei und vier . denn d Abgesang in sich sein wieder eine klein Trias , von d Form a + b c C. sein stollen sein d klein sechssilbeig Glied , die d eine d Normalform d Dochmius werden sein , wir am geläufig aus d stollen d alkaischen strophe ἐκ δ̕ ὀϱάνω μέγας , statt nive candidem . eine dicht ( 10 ) haben sich d Abwechselung erlauben , statt seine d um eine Silbe kurz Glied zu verdoppeln , die wir aus d Abgesang d sapphisch Strophe am geläufig sein , Ὢ Ton Ἄδωνιν , terruit urbem . schon Sappho haben es in Pare verbinden stichisch wiederholt , μαψυλάκαν γλῶσσαν πεφυ- λάχϑαι ; Pindar schließen damit d klein Strophe d Lied auf d Acharner timodemides ἐν πολυυμνήτῳ διὸς ἄλσει . d Abgesang Abgesang sein eine seltsam Ding ; zwar sein zweit Glied sein nur wieder um eine Silbe kurz als d Adoneus , sehen also eine Choriambus gleich , aber davor stehen d Glied ἐκ δ̕ ὀϱάνω μέγας ohne d erst Silbe , also eine jen in Lesbos unerhört , auch bei Pindar selten und in d äolisch Strophe d Tragödie wenigstens nicht häufig Glied mit anlautend obligatorisch Doppelkürze . ich fassen sie in d tun als apokopieren , wie ich d erst Glied in Dochmius , Daktyloepitritt , ja selbst in Ionikern vereinzelt , ansehen .	ART NN VAFIN ADV VVPP $, KOUS ADV ART NN APPR ART ADJA NN VVFIN $, ART ADV ADJA $, ADV PTKNEG ADV ADJD ADJD ADJA NN $. ART VVINF VAFIN APPR ADV ART NE NE VVPP $, APPR PRELS ADV ADV ART ADJA $, ADJA NN APPR ART ADJA ADJA $, ADV ADV PIAT ADJA $, VVFIN NE $( PTKANT $( $, KON $, ADV APPR ART VVFIN APPR ADJA NN $, ART NN ART ADJA NN NE NE NE $( $. PIS VAFIN APPR ART ADJA NN APPR NE ADJD $. ART NN VAFIN APPR ART PIS VVINF APPR NN VVPP $. APPR ART CARD VVFIN ART PPER VVINF VAFIN ART ADJA ADV APPR NE VVPP $, KON ADV APPR ADJA NE $, KOUS PPER ART NN VVFIN NE NE NE $( XY CARD $( $, ADV ADV ADV ADV ART ADJA NE NE $( XY CARD $( $, ADV KOUS PIS ART ADJA NN APPR ART NN VVIZU ADJD VAFIN NE $( NE CARD $, NE NE CARD $. ADV ADV APPRART FM FM FM CARD $, NE NE CARD $, NE NE CARD $, NE NE CARD $, NE NE CARD $. ART NN ART NE ART ADJA NN VAFIN PPER ADJD $( $. NN VVFIN PIAT ADJA APPR ART ADJA NN $, ADV ART VVFIN APPR ART ADJA $, PIS APPR ART VVFIN CARD KON CARD $. KON ART NN APPR PRF VAFIN ADV ART ADJA NN $, APPR ART NN XY XY XY XY NE VAINF VVINF VAFIN ART ADJA ADJA NN $, PRELS ART ART ART NN ART NE VAPP VAFIN $, PPER APPRART ADJA APPR ART VVFIN ART FM FM FM FM FM FM $, APPR FM FM $. ART ADJA $( CARD $( VAFIN PRF ART NN VVPP $, KOUI PPOSAT ART APPR ART NN ADJA NN PTKZU VVINF $, PRELS PPER APPR ART NN ART ADJA NN APPRART ADJA VAFIN $, NE NN NE $, FM FM $. ADV NE VAFIN PPER APPR NE VVPP ADJD ADJD $, FM FM FM FM $. NE VVFIN PAV ART ADJA NN ART NN APPR ART NN FM FM FM FM FM $. ART NN NN VAFIN ART ADJA NN $. ADV PPOSAT ADJA NN VAFIN ADV ADV APPR ART NN ADJD KOKOM ART NE $, VVFIN ADV ART NN ADV $, KON PAV VVFIN ART NN FM FM FM FM APPR ART ADJA NN $, ADV ART PDAT APPR NE ADJA $, ADV APPR NE ADJA KON APPR ART ADJA NN ART NN ADV PTKNEG ADJA NN APPR ADJA ADJA NN $. PPER VVFIN PPER APPR ART VVFIN KOKOM VVPP $, PWAV PPER ART ADJA NN APPR NN $, NN $, ADV ADV APPR NE ADJD $, VVFIN $.	Das Buch ist so geordnet , dass zuerst die Gedichte in dem gewöhnlichen skolientone stehen , einer zwar äolischen , aber nicht mehr wirklich echt äolischen Strophe . die stollen werden durch je einen phalaeceischen elfsylbler gebildet , in dem jedoch bereits ein dreisilbiger , anapästischer Anlaut statt des äolischen zweisilbigen , hier nie mehr doppelkurzen , vorkommt (ugiai / nein ) , und , allerdings unter dem drucke von unbequemen Eigennamen , eine Verdoppelung der zweisilbigen Senkung (Armodios καὶ Ἀϱιστογείτων ) . beides ist in der silbenzählenden Metrik von Lesbos undenkbar . der Abgesang ist in den meisten fällen durch Synaphie gebunden . von den vier gliedern die ihn bilden ist das zweite einmal durch hiat abgesetzt , oder vielmehr durch unerlaubten hiat , da er ein proklitikon abtrennt (agathous τε καὶ / εὐπατϱίδας 24 ) , ebenso auch nur einmal das dritte (klesanta πάλιν / ἄνδϱα 6 ) , so dass man die vollen Dativformen in der elision herzustellen berechtigt ist (emais / εὔφϱοσι 4 , ϑυσίαισ̕ ἄνδϱα 12 ; ebenso natürlich im verse στεφανηφόϱοισ̕ ἐν 3 , βϱομίαισ̕ οὐδέ 5 , δειλοῖσ̕ ὀλίγη 14 , ἀγαϑοῖσ̕ ἀνδϱάσι 23 , βϱοτοῖσ̕ ἐν 25 ; die Vokalisierung der dative der ersten Deklination ist mir zweifelhaft ) . Wortschluss suchen alle dichter hinter dem zweiten Gliede , etwa die hälfte hinter dem ersten , niemand zwischen den gliedern drei und vier . denn der Abgesang in sich ist wieder eine kleine Trias , von der Form a + b c c. sein stollen ist das kleine sechssilbige Glied , das die eine der Normalformen des dochmius geworden ist , uns am geläufigsten aus dem stollen der alkaischen strophe ἐκ d ὀϱάνω μέγας , statt nive candidem . ein dichter ( 10 ) hat sich die Abwechselung erlaubt , statt seiner das um eine Silbe kürzere Glied zu verdoppeln , das uns aus dem Abgesang der sapphischen Strophe am geläufigsten ist , ὢ ton Ἄδωνιν , terruit urbem . schon Sappho hat es in pare verbunden stichisch wiederholt , μαψυλάκαν γλῶσσαν πεφυ- λάχϑαι ; Pindar schließt damit die kleine Strophe des Liedes auf den Acharner Timodemides ἐν πολυυμνήτῳ Διὸς ἄλσει . des Abgesanges Abgesang ist ein seltsames Ding ; zwar sein zweites Glied ist nur wieder um eine Silbe kürzer als der adoneus , sieht also einem Choriamben gleich , aber davor steht das Glied ἐκ d ὀϱάνω μέγας ohne die erste Silbe , also eine jener in Lesbos unerhörten , auch bei Pindar seltenen und in den äolischen Strophen der Tragödie wenigstens nicht häufigen Glieder mit anlautender obligatorischer Doppelkürze . ich fasse sie in der tat als apokopiert , wie ich die ersten Glieder in Dochmien , Daktyloepitritten , ja selbst in ionikern vereinzelt , ansehe .
Abgesang	NN	1893	1	wilamowitz_aristoteles02_1893-1605-362	 	Das buch ist so geordnet, dass zuerst die gedichte in dem gewöhnlichen skolientone stehn, einer zwar aeolischen, aber nicht mehr wirklich ächt aeolischen strophe. die stollen werden durch je einen phalaeceischen elfsylbler gebildet, in dem jedoch bereits ein dreisylbiger, anapaestischer anlaut statt des aeolischen zweisylbigen, hier nie mehr doppelkurzen, vorkommt (ὑγιαί / νειν), und, allerdings unter dem drucke von unbequemen eigennamen, eine verdoppelung der zweisylbigen senkung (Ἁϱμόδιος καὶ Ἀϱιστογείτων). beides ist in der sylbenzählenden metrik von Lesbos undenkbar. der abgesang ist in den meisten fällen durch synaphie gebunden. von den vier gliedern die ihn bilden ist das zweite einmal durch hiat abgesetzt, oder vielmehr durch unerlaubten hiat, da er ein proklitikon abtrennt (ἀγαϑούς τε καὶ / εὐπατϱίδας 24), ebenso auch nur einmal das dritte (κλῄσαντα πάλιν / ἄνδϱα 6), so dass man die vollen dativformen in der elision herzustellen berechtigt ist (ἐμαῖσ̕ / εὔφϱοσι 4, ϑυσίαισ̕ ἄνδϱα 12; ebenso natürlich im verse στεφανηφόϱοισ̕ ἐν 3, βϱομίαισ̕ οὐδέ 5, δειλοῖσ̕ ὀλίγη 14, ἀγαϑοῖσ̕ ἀνδϱάσι 23, βϱοτοῖσ̕ ἐν 25; die vocalisirung der dative der ersten declination ist mir zweifelhaft). wortschluss suchen alle dichter hinter dem zweiten gliede, etwa die hälfte hinter dem ersten, niemand zwischen den gliedern drei und vier. denn der abgesang in sich ist wieder eine kleine trias, von der form a + b c c. sein stollen ist das kleine sechssylbige glied, das die eine der normalformen des dochmius geworden ist, uns am geläufigsten aus dem stollen der alkaischen strophe ἐκ δ̕ ὀϱάνω μέγας, stat nive candidem. ein dichter (10) hat sich die abwechselung erlaubt, statt seiner das um eine sylbe kürzere glied zu verdoppeln, das uns aus dem abgesang der sapphischen strophe am geläufigsten ist, ὢ τὸν Ἄδωνιν, terruit urbem. schon Sappho hat es in pare verbunden stichisch wiederholt, μαψυλάκαν γλῶσσαν πεφυ-λάχϑαι; Pindar schliesst damit die kleine strophe des liedes auf den Acharner Timodemides ἐν πολυυμνήτῳ Διὸς ἄλσει. des abgesanges abgesang ist ein seltsames ding; zwar sein zweites glied ist nur wieder um eine sylbe kürzer als der adoneus, sieht also einem choriamben gleich, aber davor steht das glied ἐκ δ̕ ὀϱάνω μέγας ohne die erste sylbe, also eine jener in Lesbos unerhörten, auch bei Pindar seltenen und in den aeolischen strophen der tragoedie wenigstens nicht häufigen glieder mit anlautender obligatorischer doppelkürze. ich fasse sie in der tat als apokopirt, wie ich die ersten glieder in dochmien, daktyloepitriten, ja selbst in ionikern vereinzelt, ansehe.	2047:2055	0:2586	Das buch ist so geordnet , daſs zuerst die gedichte in dem gewöhnlichen skolientone stehn , einer zwar aeolischen , aber nicht mehr wirklich ächt aeolischen strophe . die stollen werden durch je einen phalaeceischen elfsylbler gebildet , in dem jedoch bereits ein dreisylbiger , anapaestischer anlaut statt des aeolischen zweisylbigen , hier nie mehr doppelkurzen , vorkommt (ὑγιαί / νειν ) , und , allerdings unter dem drucke von unbequemen eigennamen , eine verdoppelung der zweisylbigen senkung (Ἁϱμόδιος καὶ Ἀϱιστογείτων ) . beides ist in der sylbenzählenden metrik von Lesbos undenkbar . der abgesang ist in den meisten fällen durch synaphie gebunden . von den vier gliedern die ihn bilden ist das zweite einmal durch hiat abgesetzt , oder vielmehr durch unerlaubten hiat , da er ein proklitikon abtrennt (ἀγαϑούς τε καὶ / εὐπατϱίδας 24 ) , ebenso auch nur einmal das dritte (κλῄσαντα πάλιν / ἄνδϱα 6 ) , so daſs man die vollen dativformen in der elision herzustellen berechtigt ist (ἐμαῖσ̕ / εὔφϱοσι 4 , ϑυσίαισ̕ ἄνδϱα 12 ; ebenso natürlich im verse στεφανηφόϱοισ̕ ἐν 3 , βϱομίαισ̕ οὐδέ 5 , δειλοῖσ̕ ὀλίγη 14 , ἀγαϑοῖσ̕ ἀνδϱάσι 23 , βϱοτοῖσ̕ ἐν 25 ; die vocalisirung der dative der ersten declination ist mir zweifelhaft ) . wortschluſs suchen alle dichter hinter dem zweiten gliede , etwa die hälfte hinter dem ersten , niemand zwischen den gliedern drei und vier . denn der abgesang in sich ist wieder eine kleine trias , von der form a + b c c. sein stollen ist das kleine sechssylbige glied , das die eine der normalformen des dochmius geworden ist , uns am geläufigsten aus dem stollen der alkaischen strophe ἐκ δ̕ ὀϱάνω μέγας , stat nive candidem . ein dichter ( 10 ) hat sich die abwechselung erlaubt , statt seiner das um eine sylbe kürzere glied zu verdoppeln , das uns aus dem abgesang der sapphischen strophe am geläufigsten ist , ὢ τὸν Ἄδωνιν , terruit urbem . schon Sappho hat es in pare verbunden stichisch wiederholt , μαψυλάκαν γλῶσσαν πεφυ- λάχϑαι ; Pindar schlieſst damit die kleine strophe des liedes auf den Acharner Timodemides ἐν πολυυμνήτῳ Διὸς ἄλσει . des abgesanges abgesang ist ein seltsames ding ; zwar sein zweites glied ist nur wieder um eine sylbe kürzer als der adoneus , sieht also einem choriamben gleich , aber davor steht das glied ἐκ δ̕ ὀϱάνω μέγας ohne die erste sylbe , also eine jener in Lesbos unerhörten , auch bei Pindar seltenen und in den aeolischen strophen der tragoedie wenigstens nicht häufigen glieder mit anlautender obligatorischer doppelkürze . ich fasse sie in der tat als apokopirt , wie ich die ersten glieder in dochmien , daktyloepitriten , ja selbst in ionikern vereinzelt , ansehe .	362	0:457	d Buch sein so ordnen , dass zuerst d Gedicht in d gewöhnlich Skolientone stehen , eine zwar äolisch , aber nicht mehr wirklich echt äolisch Strophe . d stollen werden durch je eine Phalaeceischen Elfsylbler bilden , in die jedoch bereits eine dreisilbeig , anapästisch Anlaut statt d äolisch zweisilbeig , hier nie mehr doppelkurz , vorkommen (ugiai / nein ) , und , allerdings unter d drucken von unbequem Eigenname , eine Verdoppelung d zweisilbeig Senkung (Armodios Καὶ Ἀϱιστογείτων ) . beide sein in d silbenzählend Metrik von Lesbos undenkbar . d Abgesang sein in d meiste fällen durch Synaphie binden . von d vier gliedern d er bilden sein d zweit einmal durch Hiat absetzen , oder vielmehr durch unerlaubt Hiat , da er eine Proklitikon abtrennen (agathous Τε Καὶ / εὐπατϱίδας 24 ) , ebenso auch nur einmal d dritt (klesanta Πάλιν / ἄνδϱα 6 ) , so dass man d voll Dativform in d Elision herstellen berechtigt sein (emais / Εὔφϱοσι 4 , Θυσίαισ̕ Ἄνδϱα 12 ; ebenso natürlich im verse στεφανηφόϱοισ̕ ἐν 3 , Βϱομίαισ̕ Οὐδέ 5 , Δειλοῖσ̕ Ὀλίγη 14 , Ἀγαϑοῖσ̕ Ἀνδϱάσι 23 , Βϱοτοῖσ̕ Ἐν 25 ; d Vokalisierung d Dative d erst Deklination sein ich zweifelhaft ) . Wortschluß suchen alle dicht hinter d zweit Glied , etwa d hälften hinter d erst , niemand zwischen d gliedern drei und vier . denn d Abgesang in sich sein wieder eine klein Trias , von d Form a + b c C. sein stollen sein d klein sechssilbeig Glied , die d eine d Normalform d Dochmius werden sein , wir am geläufig aus d stollen d alkaischen strophe ἐκ δ̕ ὀϱάνω μέγας , statt nive candidem . eine dicht ( 10 ) haben sich d Abwechselung erlauben , statt seine d um eine Silbe kurz Glied zu verdoppeln , die wir aus d Abgesang d sapphisch Strophe am geläufig sein , Ὢ Ton Ἄδωνιν , terruit urbem . schon Sappho haben es in Pare verbinden stichisch wiederholt , μαψυλάκαν γλῶσσαν πεφυ- λάχϑαι ; Pindar schließen damit d klein Strophe d Lied auf d Acharner timodemides ἐν πολυυμνήτῳ διὸς ἄλσει . d Abgesang Abgesang sein eine seltsam Ding ; zwar sein zweit Glied sein nur wieder um eine Silbe kurz als d Adoneus , sehen also eine Choriambus gleich , aber davor stehen d Glied ἐκ δ̕ ὀϱάνω μέγας ohne d erst Silbe , also eine jen in Lesbos unerhört , auch bei Pindar selten und in d äolisch Strophe d Tragödie wenigstens nicht häufig Glied mit anlautend obligatorisch Doppelkürze . ich fassen sie in d tun als apokopieren , wie ich d erst Glied in Dochmius , Daktyloepitritt , ja selbst in Ionikern vereinzelt , ansehen .	ART NN VAFIN ADV VVPP $, KOUS ADV ART NN APPR ART ADJA NN VVFIN $, ART ADV ADJA $, ADV PTKNEG ADV ADJD ADJD ADJA NN $. ART VVINF VAFIN APPR ADV ART NE NE VVPP $, APPR PRELS ADV ADV ART ADJA $, ADJA NN APPR ART ADJA ADJA $, ADV ADV PIAT ADJA $, VVFIN NE $( PTKANT $( $, KON $, ADV APPR ART VVFIN APPR ADJA NN $, ART NN ART ADJA NN NE NE NE $( $. PIS VAFIN APPR ART ADJA NN APPR NE ADJD $. ART NN VAFIN APPR ART PIS VVINF APPR NN VVPP $. APPR ART CARD VVFIN ART PPER VVINF VAFIN ART ADJA ADV APPR NE VVPP $, KON ADV APPR ADJA NE $, KOUS PPER ART NN VVFIN NE NE NE $( XY CARD $( $, ADV ADV ADV ADV ART ADJA NE NE $( XY CARD $( $, ADV KOUS PIS ART ADJA NN APPR ART NN VVIZU ADJD VAFIN NE $( NE CARD $, NE NE CARD $. ADV ADV APPRART FM FM FM CARD $, NE NE CARD $, NE NE CARD $, NE NE CARD $, NE NE CARD $. ART NN ART NE ART ADJA NN VAFIN PPER ADJD $( $. NN VVFIN PIAT ADJA APPR ART ADJA NN $, ADV ART VVFIN APPR ART ADJA $, PIS APPR ART VVFIN CARD KON CARD $. KON ART NN APPR PRF VAFIN ADV ART ADJA NN $, APPR ART NN XY XY XY XY NE VAINF VVINF VAFIN ART ADJA ADJA NN $, PRELS ART ART ART NN ART NE VAPP VAFIN $, PPER APPRART ADJA APPR ART VVFIN ART FM FM FM FM FM FM $, APPR FM FM $. ART ADJA $( CARD $( VAFIN PRF ART NN VVPP $, KOUI PPOSAT ART APPR ART NN ADJA NN PTKZU VVINF $, PRELS PPER APPR ART NN ART ADJA NN APPRART ADJA VAFIN $, NE NN NE $, FM FM $. ADV NE VAFIN PPER APPR NE VVPP ADJD ADJD $, FM FM FM FM $. NE VVFIN PAV ART ADJA NN ART NN APPR ART NN FM FM FM FM FM $. ART NN NN VAFIN ART ADJA NN $. ADV PPOSAT ADJA NN VAFIN ADV ADV APPR ART NN ADJD KOKOM ART NE $, VVFIN ADV ART NN ADV $, KON PAV VVFIN ART NN FM FM FM FM APPR ART ADJA NN $, ADV ART PDAT APPR NE ADJA $, ADV APPR NE ADJA KON APPR ART ADJA NN ART NN ADV PTKNEG ADJA NN APPR ADJA ADJA NN $. PPER VVFIN PPER APPR ART VVFIN KOKOM VVPP $, PWAV PPER ART ADJA NN APPR NN $, NN $, ADV ADV APPR NE ADJD $, VVFIN $.	Das Buch ist so geordnet , dass zuerst die Gedichte in dem gewöhnlichen skolientone stehen , einer zwar äolischen , aber nicht mehr wirklich echt äolischen Strophe . die stollen werden durch je einen phalaeceischen elfsylbler gebildet , in dem jedoch bereits ein dreisilbiger , anapästischer Anlaut statt des äolischen zweisilbigen , hier nie mehr doppelkurzen , vorkommt (ugiai / nein ) , und , allerdings unter dem drucke von unbequemen Eigennamen , eine Verdoppelung der zweisilbigen Senkung (Armodios καὶ Ἀϱιστογείτων ) . beides ist in der silbenzählenden Metrik von Lesbos undenkbar . der Abgesang ist in den meisten fällen durch Synaphie gebunden . von den vier gliedern die ihn bilden ist das zweite einmal durch hiat abgesetzt , oder vielmehr durch unerlaubten hiat , da er ein proklitikon abtrennt (agathous τε καὶ / εὐπατϱίδας 24 ) , ebenso auch nur einmal das dritte (klesanta πάλιν / ἄνδϱα 6 ) , so dass man die vollen Dativformen in der elision herzustellen berechtigt ist (emais / εὔφϱοσι 4 , ϑυσίαισ̕ ἄνδϱα 12 ; ebenso natürlich im verse στεφανηφόϱοισ̕ ἐν 3 , βϱομίαισ̕ οὐδέ 5 , δειλοῖσ̕ ὀλίγη 14 , ἀγαϑοῖσ̕ ἀνδϱάσι 23 , βϱοτοῖσ̕ ἐν 25 ; die Vokalisierung der dative der ersten Deklination ist mir zweifelhaft ) . Wortschluss suchen alle dichter hinter dem zweiten Gliede , etwa die hälfte hinter dem ersten , niemand zwischen den gliedern drei und vier . denn der Abgesang in sich ist wieder eine kleine Trias , von der Form a + b c c. sein stollen ist das kleine sechssilbige Glied , das die eine der Normalformen des dochmius geworden ist , uns am geläufigsten aus dem stollen der alkaischen strophe ἐκ d ὀϱάνω μέγας , statt nive candidem . ein dichter ( 10 ) hat sich die Abwechselung erlaubt , statt seiner das um eine Silbe kürzere Glied zu verdoppeln , das uns aus dem Abgesang der sapphischen Strophe am geläufigsten ist , ὢ ton Ἄδωνιν , terruit urbem . schon Sappho hat es in pare verbunden stichisch wiederholt , μαψυλάκαν γλῶσσαν πεφυ- λάχϑαι ; Pindar schließt damit die kleine Strophe des Liedes auf den Acharner Timodemides ἐν πολυυμνήτῳ Διὸς ἄλσει . des Abgesanges Abgesang ist ein seltsames Ding ; zwar sein zweites Glied ist nur wieder um eine Silbe kürzer als der adoneus , sieht also einem Choriamben gleich , aber davor steht das Glied ἐκ d ὀϱάνω μέγας ohne die erste Silbe , also eine jener in Lesbos unerhörten , auch bei Pindar seltenen und in den äolischen Strophen der Tragödie wenigstens nicht häufigen Glieder mit anlautender obligatorischer Doppelkürze . ich fasse sie in der tat als apokopiert , wie ich die ersten Glieder in Dochmien , Daktyloepitritten , ja selbst in ionikern vereinzelt , ansehe .
