lemma	identifier1	identifier2	context1	context2	indexes_target_token1	indexes_target_token2	judgment
Gesichtsausdruck	2532889X_1949-02-10_01_041.tcf.xml-31-12	2532889X_1950-10-28_01_052.tcf.xml-29-31	Erst jetzt erkannte Artjuchim Pawel — seine Hand sank herab, sein Gesichtsausdruck verlor das Amtliche, aber sein Blick blieb fragend am Kasten haften.	Den Großbauern aus dem Werk Grau dosit" (Verborgenes Getreide), der der Ablieferung nicht nachkommt, war in erster Linie nicht am Umfang seines Bauches, sondern Im Gesichtsausdruck, in seiner Geste und Haltung zu erkennen, wurde als moralischer, nicht als physischer Typ gezeichnet.	66:82	164:180	4.0
Gesichtsausdruck	2532889X_1950-04-19_01_043.tcf.xml-11-25	beyer_poetik02_1883-12554-51	Er iährt anscheinend immer nur zur Regierung, ins Dorf wohl nur, wenn ein mißvergnügter Ex-Bürgermeister, dem man das reaktionäre Stinktier schon am Gesichtsausdruck anmerkt, ihm Flöhe über eine anerkannt fortschrittliche Bürgermeisterin Ins Ohr setzt.	Jhm stand der Messentext als solcher fest, er modelte nicht daran, dachte überhaupt nicht, hier Musik zu machen, sondern er gab sich eine Vorstellung des Jnhalts des heiligen Vorganges und schuf sich daraus ein Bild in Tönen, wie ein Fra Bartolomeo und Tizian sich eines in Gesichtsausdruck und Farbe schufen &c.“	149:165	274:290	3.0
Gesichtsausdruck	2532889X_1950-10-28_01_052.tcf.xml-29-31	2532889X_1951-06-13_01_045.tcf.xml-4-8	Den Großbauern aus dem Werk Grau dosit" (Verborgenes Getreide), der der Ablieferung nicht nachkommt, war in erster Linie nicht am Umfang seines Bauches, sondern Im Gesichtsausdruck, in seiner Geste und Haltung zu erkennen, wurde als moralischer, nicht als physischer Typ gezeichnet.	Er ist lebhaft und hat einen so sprechenden Gesichtsausdruck daß man auch, ohne seine Sprache zu kennen, weiß, wovon er spricht; Seit 1940 ist Ho Schuang-djing in	164:180	44:60	4.0
Gesichtsausdruck	2532889X_1950-10-28_01_052.tcf.xml-29-31	2532889X_1977-09-28_01_061.tcf.xml-42-23	Den Großbauern aus dem Werk Grau dosit" (Verborgenes Getreide), der der Ablieferung nicht nachkommt, war in erster Linie nicht am Umfang seines Bauches, sondern Im Gesichtsausdruck, in seiner Geste und Haltung zu erkennen, wurde als moralischer, nicht als physischer Typ gezeichnet.	„Selbstbildnis mit Modell (1974) oder „Melancholie" (1976), beide mit dem Kontrast zwischen dem fast elegischen Gesichtsausdruck des sitzenden Modells und dem Porträt auf der Staffelei, gehören zur permanenten Selbstüberprüfung des Künstlers.	164:180	112:128	3.0
Gesichtsausdruck	2532889X_1950-10-28_01_052.tcf.xml-29-31	26120215_1952_08_20_01_120.tcf.xml-16-10	Den Großbauern aus dem Werk Grau dosit" (Verborgenes Getreide), der der Ablieferung nicht nachkommt, war in erster Linie nicht am Umfang seines Bauches, sondern Im Gesichtsausdruck, in seiner Geste und Haltung zu erkennen, wurde als moralischer, nicht als physischer Typ gezeichnet.	Nichts war gleichzeitig so traurig und so mutig wie der Gesichtsausdruck dieser drei armen Tiere.	164:180	56:72	3.0
Gesichtsausdruck	2532889X_1950-10-28_01_052.tcf.xml-29-31	26120215_1962_08_05_01_426.tcf.xml-30-11	Den Großbauern aus dem Werk Grau dosit" (Verborgenes Getreide), der der Ablieferung nicht nachkommt, war in erster Linie nicht am Umfang seines Bauches, sondern Im Gesichtsausdruck, in seiner Geste und Haltung zu erkennen, wurde als moralischer, nicht als physischer Typ gezeichnet.	Dieser Zmatlik taumelte erst eine Weile hin und her mit dem Gesichtsausdruck eines gerade erwachten Menschen, und dann sah er den Kommissar aus hellblauen, vergißmeinnichtfarbigen Augen an.	164:180	60:76	4.0
Gesichtsausdruck	2532889X_1950-10-28_01_052.tcf.xml-29-31	26120215_1971_07_11_01_082.tcf.xml-5-15	Den Großbauern aus dem Werk Grau dosit" (Verborgenes Getreide), der der Ablieferung nicht nachkommt, war in erster Linie nicht am Umfang seines Bauches, sondern Im Gesichtsausdruck, in seiner Geste und Haltung zu erkennen, wurde als moralischer, nicht als physischer Typ gezeichnet.	Mir ist aufgefallen, daß die Wetterpropheten vor der Kamera nie jenen glücklichen und zufriedenen Gesichtsausdruck zeigen wie etwa die Programmansagcrinnen, die selbst bei Ankündigung der schrecklichsten Kriminalfälle keine Störung ihres seelischen Gleichgewichtes oder gar ihre Abscheu vor ülem in Aussicht stehenden VerbrecSen erkennen lassen.	164:180	98:114	3.0
Gesichtsausdruck	2532889X_1950-10-28_01_052.tcf.xml-29-31	fontane_brandenburg02_1863-6606-7	Den Großbauern aus dem Werk Grau dosit" (Verborgenes Getreide), der der Ablieferung nicht nachkommt, war in erster Linie nicht am Umfang seines Bauches, sondern Im Gesichtsausdruck, in seiner Geste und Haltung zu erkennen, wurde als moralischer, nicht als physischer Typ gezeichnet.	Sehr gutes Bild, lebensvoll; der Gesichtsausdruck freundlich, klug, fest und schlicht.	164:180	33:49	4.0
Gesichtsausdruck	2532889X_1950-10-28_01_052.tcf.xml-29-31	fontane_briest_1896-4719-27	Den Großbauern aus dem Werk Grau dosit" (Verborgenes Getreide), der der Ablieferung nicht nachkommt, war in erster Linie nicht am Umfang seines Bauches, sondern Im Gesichtsausdruck, in seiner Geste und Haltung zu erkennen, wurde als moralischer, nicht als physischer Typ gezeichnet.	Geheimrätin Zwicker, ihre Reisegefährtin, habe freilich die Frage nach dem Kurgemäßen dieser Zuthat aufgeworfen und sich aufs entschiedenste dagegen ausgesprochen, alles natürlich mit einem Gesichtsausdrucke, der so ziemlich das Gegenteil versichert habe; die Zwicker sei reizend, etwas frei, wahrscheinlich sogar mit einer Vergangenheit, aber höchst amüsant, und man könne viel, sehr viel von ihr lernen; nie habe sie sich, trotz ihrer fünfundzwanzig, so als Kind gefühlt, wie nach der Bekanntschaft mit dieser Dame.	164:180	190:207	4.0
Gesichtsausdruck	2532889X_1950-10-28_01_052.tcf.xml-29-31	vogt_briefe02_1851-5900-49	Den Großbauern aus dem Werk Grau dosit" (Verborgenes Getreide), der der Ablieferung nicht nachkommt, war in erster Linie nicht am Umfang seines Bauches, sondern Im Gesichtsausdruck, in seiner Geste und Haltung zu erkennen, wurde als moralischer, nicht als physischer Typ gezeichnet.	Die eigentlichen Malayen sind eher klein als groß, rein gelb wie Mahagoniholz, die Stirn hoch, die Augen eng geschlitzt, dunkel, die Nase dreieckig, die Nasenflügel sehr breit, der Bart gering; oft stehen die äußeren Augenwinkel etwas nach oben, wodurch der Gesichtsausdruck demjenigen der Chinesen ähnelt.	164:180	258:274	3.0
Gesichtsausdruck	2532889X_1951-06-13_01_045.tcf.xml-4-8	parthey_jugenderinnerungen01_1871-3358-13	Er ist lebhaft und hat einen so sprechenden Gesichtsausdruck daß man auch, ohne seine Sprache zu kennen, weiß, wovon er spricht; Seit 1940 ist Ho Schuang-djing in	Eine gedrungene, breitschultrige Gestalt von elastischen, kräftigen Bewegungen und sehr freundlichem Gesichtsausdrucke.	44:60	101:118	4.0
Gesichtsausdruck	2532889X_1953-09-08_01_035.tcf.xml-24-8	2532889X_1989-12-29_01_052.tcf.xml-2-16	Dann fragte er" sie mit einem groben Gesichtsausdruck:	Als unser außerordentlicher Parteitag in der Berliner Dynamo-Halle beriet, standen sympathische junge Leute mit ernstem Gesichtsausdruck am Portal.	37:53	120:136	4.0
Gesichtsausdruck	2532889X_1953-10-15_01_040.tcf.xml-56-9	2532889X_1964-07-28_01_070.tcf.xml-114-1	Der auflachende Schupo, ein ostpreußischer Bauernjunge mit idiotischem Gesichtsausdruck, schüttelte Fritz mit seinen großen Fäusten wie einen nassen Sack und drückte ihn erneut unter den spritzenden Wasserhahn.	Sein Gesichtsausdruck ist merkwürdig verklärt und ruhig, die Augen stehen groß und glänzend in dem mageren, gelblichbraunen Gesicht.	71:87	5:21	4.0
Gesichtsausdruck	2532889X_1960-03-13_01_117.tcf.xml-20-8	26120215_1987_07_25_01_403.tcf.xml-2-40	unter ihnen,-sah Ihre Gesten * ihren Gesichtsausdruck und hörte, wie sie sich über das, was sie sahen, unterhielten.	Der amerikanische Restaurator und Physikprofessor John F. Asmus hat in einem Interview für die spanische Nachrichtenagentur EFE seine Theorie bekräftigt, daß Leonardo da Vinci seine Mona Lisa nach Fertigstellung verändert habe, um ihr den später weltberühmt gewordenen geheimnisvollen Gesichtsausdruck zu verleihen.	37:53	285:301	4.0
Gesichtsausdruck	2532889X_1960-03-13_01_117.tcf.xml-20-8	brehm_thierleben01_1864-1920-1	unter ihnen,-sah Ihre Gesten * ihren Gesichtsausdruck und hörte, wie sie sich über das, was sie sahen, unterhielten.	Der Gesichtsausdruck deutete entschieden auf große Klugheit hin; doch fehlte das Leben in den Augen.	37:53	4:20	4.0
Gesichtsausdruck	2532889X_1960-03-13_01_117.tcf.xml-20-8	falke_trachten02_1858-2295-21	unter ihnen,-sah Ihre Gesten * ihren Gesichtsausdruck und hörte, wie sie sich über das, was sie sahen, unterhielten.	Indem sie gleich geformt mit ihrer leuchtenden Lockenmasse und in blonder Süßlichkeit den männlichen Kopf umrahmt, bedingt sie selbst den Gesichtsausdruck und uniformirt ihn: aus allen diesen Portraits spricht zu uns die beschränkte Selbstgefälligkeit und ein hohles, affectirtes Pathos.	37:53	138:154	3.0
Gesichtsausdruck	2532889X_1960-03-13_01_117.tcf.xml-20-8	nn_nrhz157_1848-267-18	unter ihnen,-sah Ihre Gesten * ihren Gesichtsausdruck und hörte, wie sie sich über das, was sie sahen, unterhielten.	— Das Gespräch wird immer lebhafter; Baumstark demonstrirt, Brandenburg hört mit einem unbeschreiblich öden und leeren Gesichtsausdruck zu; Reichensperger gestikulirt sehr eindringlich — man sieht ihn mit höchst schwieriger bedenklicher Miene die Achseln zucken.	37:53	119:135	4.0
Gesichtsausdruck	2532889X_1964-07-28_01_070.tcf.xml-114-1	heine_reisebilder03_1830-644-2	Sein Gesichtsausdruck ist merkwürdig verklärt und ruhig, die Augen stehen groß und glänzend in dem mageren, gelblichbraunen Gesicht.	Der leidende Gesichtsausdruck wird bei den Italienern am sichtbarsten, wenn man mit ihnen vom Unglück ihres Vaterlandes spricht, und dazu giebts in Mayland genug Gelegenheit.	5:21	13:29	3.0
Gesichtsausdruck	2532889X_1965-01-17_01_237.tcf.xml-5-8	26120215_1948_05_11_01_179.tcf.xml-21-15	Friedrich Ebert bezeichnete die Haltung Zilles. seinen Gesichtsausdruck als sehr gelungen.	Auch ist das Nachzeichnen der Kopfbilder zu schwierig, da eine einzige falsche Linie den Gesichtsausdruck verändert.	55:71	89:105	4.0
Gesichtsausdruck	2532889X_1965-01-17_01_237.tcf.xml-5-8	kuernberger_amerikamuede_1855-6058-10	Friedrich Ebert bezeichnete die Haltung Zilles. seinen Gesichtsausdruck als sehr gelungen.	Er beharrte in seinem Blicke auf den zermalmten, elenden Gesichtsausdruck seines Gegners.	55:71	57:73	4.0
Gesichtsausdruck	2532889X_1971-10-18_01_187.tcf.xml-2-0	26120215_1978_09_02_01_204.tcf.xml-18-9	Gesichtsausdruck und Bewegung, verraten: den Schwung des Anlaufs und die Energie, den Schwung geschickt zu nützen, um die Latte zu überqueren.	— Ich versuchte, die alleredelste Gesinnung in meinen Gesichtsausdruck zu legen.	0:16	54:70	3.0
Gesichtsausdruck	2532889X_1972-03-25_01_377.tcf.xml-48-24	hauptmann_sonnenaufgang_1889-91-28	.. In memoriam Wolodja Bogatkin Es Ist dem Künstler meisterhaft gelungen, in der gesamten dahinfließenden, besser aufgelösten Haltung und auch im. Gesichtsausdruck dieser Frau das Leid und den Gram sichtbar zu machen.	(Helene kommt lesend aus dem Wintergarten; ihre große, ein wenig zu starke Gestalt, die Frisur ihres blonden, ganz ungewöhnlich reichen Haares, ihr Gesichtsausdruck, ihre moderne Kleidung, ihre Bewegungen, ihre ganze Erscheinung überhaupt verleugnen das Bauernmädchen nicht ganz.)	147:163	148:164	4.0
Gesichtsausdruck	2532889X_1975-12-13_01_193.tcf.xml-4-11	26120215_1961_03_18_01_163.tcf.xml-39-7	„Weißhaarig, stattlich,. mit einem humanen, fröhlichen Gesichtsausdruck, erfreut sich Pieck bei den Arbeitern sehr großer Beliebtheit.	Mein Mann hatte einen tief ergreifenden traurigen Gesichtsausdruck bekommen und versuchte damit.	55:71	50:66	4.0
Gesichtsausdruck	2532889X_1975-12-13_01_193.tcf.xml-4-11	brehm_thierleben01_1864-16725-13	„Weißhaarig, stattlich,. mit einem humanen, fröhlichen Gesichtsausdruck, erfreut sich Pieck bei den Arbeitern sehr großer Beliebtheit.	Bald sitzt er aufrecht in einem einsamen Winkel und ist mit dem ernsthaftesten Gesichtsausdruck beschäftigt, sich einen Strohhalm über die Nase zu binden, bald spielt er nachdenklich mit den Zehen seines Hinterfußes oder hascht nach der wedelnden Spitze der langen Ruthe.	55:71	79:95	4.0
Gesichtsausdruck	2532889X_1975-12-13_01_193.tcf.xml-4-11	fontane_brandenburg04_1882-5691-32	„Weißhaarig, stattlich,. mit einem humanen, fröhlichen Gesichtsausdruck, erfreut sich Pieck bei den Arbeitern sehr großer Beliebtheit.	In ihrer ersten Jugend schon, so hört’ ich später, nahm sie sich der Armen und Verlassenen an, und wenn sie durch das Dorf ging und die Kinder mit stumpfem Gesichtsausdruck in der Hausthür sitzen sah, sagte sie:	55:71	156:172	4.0
Gesichtsausdruck	2532889X_1975-12-13_01_193.tcf.xml-4-11	wernicke_symptomencomplex_1874-558-15	„Weißhaarig, stattlich,. mit einem humanen, fröhlichen Gesichtsausdruck, erfreut sich Pieck bei den Arbeitern sehr großer Beliebtheit.	Sie bot alle Zeichen hochgradiger Senescenz, sehr vorgeschrittene Atherose aller zugänglichen Gefässe, leidenden Gesichtsausdruck.	55:71	113:129	4.0
Gesichtsausdruck	2532889X_1977-09-28_01_061.tcf.xml-42-23	26120215_1946_12_22_01_041.tcf.xml-8-37	„Selbstbildnis mit Modell (1974) oder „Melancholie" (1976), beide mit dem Kontrast zwischen dem fast elegischen Gesichtsausdruck des sitzenden Modells und dem Porträt auf der Staffelei, gehören zur permanenten Selbstüberprüfung des Künstlers.	In riem Buche wird dem zurückkehrenden Kriegsteilnehmer empfohlen, sich nicht darüber zu wundern, daß man ihn in der Heimat von vornherein als Nervenkranken behandelt, was sich darin äußerst. daß man ihn mit gespanntem Gesichtsausdruck zuhört und ihm in jedem Falle recht gibt, beinahe schon ehe er überhaupt den Mund aufmacht.	112:128	219:235	4.0
Gesichtsausdruck	2532889X_1977-09-28_01_061.tcf.xml-42-23	26120215_1982_06_17_01_183.tcf.xml-8-7	„Selbstbildnis mit Modell (1974) oder „Melancholie" (1976), beide mit dem Kontrast zwischen dem fast elegischen Gesichtsausdruck des sitzenden Modells und dem Porträt auf der Staffelei, gehören zur permanenten Selbstüberprüfung des Künstlers.	4. Futterstoff, 5. Singvogel, 6. Gesichtsausdruck 9. Teilnehmerland an der	112:128	33:49	3.0
Gesichtsausdruck	2532889X_1977-09-28_01_061.tcf.xml-42-23	fontane_brandenburg02_1863-6218-13	„Selbstbildnis mit Modell (1974) oder „Melancholie" (1976), beide mit dem Kontrast zwischen dem fast elegischen Gesichtsausdruck des sitzenden Modells und dem Porträt auf der Staffelei, gehören zur permanenten Selbstüberprüfung des Künstlers.	Stellt einen ältren Mann mit weißem Bart, von ernstem, fast schwermüthigen Gesichtsausdruck dar.	112:128	75:91	4.0
Gesichtsausdruck	2532889X_1977-09-28_01_061.tcf.xml-42-23	ideler_wahnsinn_1847-782-33	„Selbstbildnis mit Modell (1974) oder „Melancholie" (1976), beide mit dem Kontrast zwischen dem fast elegischen Gesichtsausdruck des sitzenden Modells und dem Porträt auf der Staffelei, gehören zur permanenten Selbstüberprüfung des Künstlers.	F., von hagerer Statur und bleichem Gesichte, mit keinen auffallenden Krankheitssymptomen behaftet, verräth schon in seiner ganzen äußeren Erscheinung einen hohen Grad von Gemüthsaufregung durch unruhige Gestikulationen, durch bewegten Gesichtsausdruck, besonders aber durch einen hastigen, wortreichen Redefluß, in welchem er sich nur ungern unterbrechen läßt.	112:128	236:252	4.0
Gesichtsausdruck	2532889X_1989-12-29_01_052.tcf.xml-2-16	26120215_1949_09_30_01_043.tcf.xml-1-21	Als unser außerordentlicher Parteitag in der Berliner Dynamo-Halle beriet, standen sympathische junge Leute mit ernstem Gesichtsausdruck am Portal.	Jakob betrachtete noch einmal das Kind, ehe-r'<r ging, und wieder verwunderte und erschreckte ihn fast der versteinerte, unwissende Gesichtsausdruck des kleinen Wosens.	120:136	132:148	4.0
Gesichtsausdruck	2532889X_1989-12-29_01_052.tcf.xml-2-16	26120215_1952_10_26_01_037.tcf.xml-70-12	Als unser außerordentlicher Parteitag in der Berliner Dynamo-Halle beriet, standen sympathische junge Leute mit ernstem Gesichtsausdruck am Portal.	.. Der Erste gefällt mir nicht", sagte er mit nachdenklichem Gesichtsausdruck, „es sieht so aus, ab hätten sie in der Kajüte etwas in	120:136	61:77	4.0
Gesichtsausdruck	2532889X_1989-12-29_01_052.tcf.xml-2-16	26120215_1978_09_02_01_204.tcf.xml-18-9	Als unser außerordentlicher Parteitag in der Berliner Dynamo-Halle beriet, standen sympathische junge Leute mit ernstem Gesichtsausdruck am Portal.	— Ich versuchte, die alleredelste Gesinnung in meinen Gesichtsausdruck zu legen.	120:136	54:70	4.0
Gesichtsausdruck	2532889X_1989-12-29_01_052.tcf.xml-2-16	26120215_1982_11_16_01_145.tcf.xml-21-11	Als unser außerordentlicher Parteitag in der Berliner Dynamo-Halle beriet, standen sympathische junge Leute mit ernstem Gesichtsausdruck am Portal.	Diese Möglichkeit wurde für den Fall geschaffen, daß sich der Gesichtsausdruck des Personalausweisinhabers so verändert hat, daß man ihn nicht mehr zweifelsfrei identifizieren kann.	120:136	62:78	3.0
Gesichtsausdruck	2532889X_1989-12-29_01_052.tcf.xml-2-16	alexis_ruhe01_1852-2778-12	Als unser außerordentlicher Parteitag in der Berliner Dynamo-Halle beriet, standen sympathische junge Leute mit ernstem Gesichtsausdruck am Portal.	Die Alte hatte sich aufgerichtet, und stierte sie mit dem unheimlichen Gesichtsausdruck an:	120:136	71:87	4.0
Gesichtsausdruck	2532889X_1989-12-29_01_052.tcf.xml-2-16	fontane_brandenburg04_1882-5691-32	Als unser außerordentlicher Parteitag in der Berliner Dynamo-Halle beriet, standen sympathische junge Leute mit ernstem Gesichtsausdruck am Portal.	In ihrer ersten Jugend schon, so hört’ ich später, nahm sie sich der Armen und Verlassenen an, und wenn sie durch das Dorf ging und die Kinder mit stumpfem Gesichtsausdruck in der Hausthür sitzen sah, sagte sie:	120:136	156:172	4.0
Gesichtsausdruck	2532889X_1989-12-29_01_052.tcf.xml-2-16	griesinger_psychische_1845-2349-26	Als unser außerordentlicher Parteitag in der Berliner Dynamo-Halle beriet, standen sympathische junge Leute mit ernstem Gesichtsausdruck am Portal.	Er gibt zu, dass er vielleicht Hallucinationen hatte, aber er ist doch überzeugt, dass diese Ideen nicht ohne Grund sind, dass sein Gesichtsausdruck etwas Befremdendes habe, dass man in ihm seine Furcht, die Gedanken, die ihn beunruhigen, lesen könne.	120:136	132:148	4.0
Gesichtsausdruck	2532889X_1989-12-29_01_052.tcf.xml-2-16	kuernberger_amerikamuede_1855-276-5	Als unser außerordentlicher Parteitag in der Berliner Dynamo-Halle beriet, standen sympathische junge Leute mit ernstem Gesichtsausdruck am Portal.	Einige Anwesende sahen den unaussprechlichen Gesichtsausdruck des Fremden, und er glaubt zu hören, wie sie sich zuflüsterten:	120:136	45:61	3.0
Gesichtsausdruck	2532889X_1989-12-29_01_052.tcf.xml-2-16	rein_japan02_1886-8822-7	Als unser außerordentlicher Parteitag in der Berliner Dynamo-Halle beriet, standen sympathische junge Leute mit ernstem Gesichtsausdruck am Portal.	Es ist dem Künstler gelungen, dem Gesichtsausdruck und der ganzen Haltung die glückselige Ruhe in Nirwana zu verleihen.	120:136	34:50	4.0
Gesichtsausdruck	26120215_1949_09_30_01_043.tcf.xml-1-21	andreas_fenitschka_1898-45-6	Jakob betrachtete noch einmal das Kind, ehe-r'<r ging, und wieder verwunderte und erschreckte ihn fast der versteinerte, unwissende Gesichtsausdruck des kleinen Wosens.	Eine der Damen mißverstand ihren ernsthaften Gesichtsausdruck und bemerkte:	132:148	45:61	4.0
Gesichtsausdruck	26120215_1949_09_30_01_043.tcf.xml-1-21	heine_reisebilder03_1830-644-2	Jakob betrachtete noch einmal das Kind, ehe-r'<r ging, und wieder verwunderte und erschreckte ihn fast der versteinerte, unwissende Gesichtsausdruck des kleinen Wosens.	Der leidende Gesichtsausdruck wird bei den Italienern am sichtbarsten, wenn man mit ihnen vom Unglück ihres Vaterlandes spricht, und dazu giebts in Mayland genug Gelegenheit.	132:148	13:29	4.0
Gesichtsausdruck	26120215_1949_09_30_01_043.tcf.xml-1-21	humboldt_aequinoktial04_1859-2953-19	Jakob betrachtete noch einmal das Kind, ehe-r'<r ging, und wieder verwunderte und erschreckte ihn fast der versteinerte, unwissende Gesichtsausdruck des kleinen Wosens.	Ihre Nase ist nicht so breit und platt, ihre Backenknochen springen nicht so stark vor, der ganze Gesichtsausdruck ist weniger mongolisch.	132:148	98:114	3.0
Gesichtsausdruck	26120215_1950_02_01_01_041.tcf.xml-51-8	26120215_1953_10_18_02_034.tcf.xml-16-1	Ich dachte einen Moment, als ich den Gesichtsausdruck von Gaes sah, daß ich gezwungen sein wurde, ihn hinauszuwerfen, Aber er beherrschte sich.	Der Gesichtsausdruck des Mädchens war so, daß man glaubte, es werde im nächsten Augenblick anfangen zu lachen.	37:53	4:20	4.0
Gesichtsausdruck	26120215_1950_02_01_01_041.tcf.xml-51-8	26120215_1978_09_02_01_204.tcf.xml-18-9	Ich dachte einen Moment, als ich den Gesichtsausdruck von Gaes sah, daß ich gezwungen sein wurde, ihn hinauszuwerfen, Aber er beherrschte sich.	— Ich versuchte, die alleredelste Gesinnung in meinen Gesichtsausdruck zu legen.	37:53	54:70	4.0
Gesichtsausdruck	26120215_1950_02_01_01_041.tcf.xml-51-8	griesinger_psychische_1845-2474-14	Ich dachte einen Moment, als ich den Gesichtsausdruck von Gaes sah, daß ich gezwungen sein wurde, ihn hinauszuwerfen, Aber er beherrschte sich.	Zur äusseren Unterscheidung beider Zustände dient, ausser der schon erwähnten Rücksicht auf den Gesichtsausdruck und namentlich den Blick der Kranken, theils eine in manchen Fällen primitive und sehr rasche Entstehung, theils das nicht selten vorkommende Verweigern der Nahrung und die zuweilen gemachten Selbstmordversuche, welche beide bei Blödsinnigen nicht leicht vorkommen.	37:53	96:112	3.0
Gesichtsausdruck	26120215_1950_06_02_01_270.tcf.xml-4-10	brehm_thierleben01_1864-16725-13	Wäre das Zittern der Hände nicht und nicht der seltsam-leere Gesichtsausdruck, man könnte über die Eskapaden der schönen Baronin von Haller-Hallerstein zur Alltagsordnune übergehen.	Bald sitzt er aufrecht in einem einsamen Winkel und ist mit dem ernsthaftesten Gesichtsausdruck beschäftigt, sich einen Strohhalm über die Nase zu binden, bald spielt er nachdenklich mit den Zehen seines Hinterfußes oder hascht nach der wedelnden Spitze der langen Ruthe.	61:77	79:95	4.0
Gesichtsausdruck	26120215_1952_03_29_01_079.tcf.xml-22-9	beyer_poetik02_1883-12554-51	Gegen Schluß der Strecke schaut er sich genau den Gesichtsausdruck jedes einzelnen Fahrers an, liest darin wie in einem Buch.	Jhm stand der Messentext als solcher fest, er modelte nicht daran, dachte überhaupt nicht, hier Musik zu machen, sondern er gab sich eine Vorstellung des Jnhalts des heiligen Vorganges und schuf sich daraus ein Bild in Tönen, wie ein Fra Bartolomeo und Tizian sich eines in Gesichtsausdruck und Farbe schufen &c.“	50:66	274:290	3.0
Gesichtsausdruck	26120215_1957_08_15_01_209.tcf.xml-5-5	wernicke_symptomencomplex_1874-558-15	Gesten, Blicke, ein Gesichtsausdruck sagten mir viel mehr, als das unbeholfene Worte könnten.	Sie bot alle Zeichen hochgradiger Senescenz, sehr vorgeschrittene Atherose aller zugänglichen Gefässe, leidenden Gesichtsausdruck.	20:36	113:129	4.0
Gesichtsausdruck	26120215_1961_03_18_01_163.tcf.xml-39-7	steinen_naturvoelker_1894-1565-7	Mein Mann hatte einen tief ergreifenden traurigen Gesichtsausdruck bekommen und versuchte damit.	Nun, der Ankömmling zeigte mit seinem Gesichtsausdruck deutlich, dass er seinerseits doch uns bewundere.	50:66	38:54	4.0
Gesichtsausdruck	26120215_1961_07_16_01_239.tcf.xml-14-5	26120215_1982_06_17_01_183.tcf.xml-8-7	Nach kurzer Zeit wechselte sein Gesichtsausdruck von gespannter Aufmerksamkeit zu freudiger Genugtuung.	4. Futterstoff, 5. Singvogel, 6. Gesichtsausdruck 9. Teilnehmerland an der	32:48	33:49	4.0
Gesichtsausdruck	26120215_1961_07_16_01_239.tcf.xml-14-5	fontane_brandenburg04_1882-5691-32	Nach kurzer Zeit wechselte sein Gesichtsausdruck von gespannter Aufmerksamkeit zu freudiger Genugtuung.	In ihrer ersten Jugend schon, so hört’ ich später, nahm sie sich der Armen und Verlassenen an, und wenn sie durch das Dorf ging und die Kinder mit stumpfem Gesichtsausdruck in der Hausthür sitzen sah, sagte sie:	32:48	156:172	4.0
Gesichtsausdruck	26120215_1962_07_22_01_405.tcf.xml-16-9	fontane_brandenburg02_1863-6606-7	Die Dame streifte ihn mit einem Blick — den Gesichtsausdruck auf Brigitte Bardot gequält.	Sehr gutes Bild, lebensvoll; der Gesichtsausdruck freundlich, klug, fest und schlicht.	44:60	33:49	4.0
Gesichtsausdruck	26120215_1963_10_30_01_167.tcf.xml-18-1	kretzer_timpe_1888-3183-31	Qualvoller Gesichtsausdruck und den Gang nach hinten -weg; Einmal, dreimal, fünfmal — bis die Szene wunschgemäß im Kasten ist.	Wenn jetzt Leute durch die Straßen kamen, die ihren Weg hier lange nicht genommen hatten, so blieben sie minutenlang vor der Brücke stehen und musterten kopfschüttelnd und mit komischem Gesichtsausdruck das alte Häuschen.	11:27	186:202	4.0
Gesichtsausdruck	26120215_1965_08_11_01_155.tcf.xml-5-5	beyer_poetik02_1883-12554-51	Tante Hannchen bekam einen besorgten Gesichtsausdruck, als er schließlich eine Strippe aus der Trainingshose fischte und sie in Schleifen um die umgestülpte Kaffeetasse legte.	Jhm stand der Messentext als solcher fest, er modelte nicht daran, dachte überhaupt nicht, hier Musik zu machen, sondern er gab sich eine Vorstellung des Jnhalts des heiligen Vorganges und schuf sich daraus ein Bild in Tönen, wie ein Fra Bartolomeo und Tizian sich eines in Gesichtsausdruck und Farbe schufen &c.“	37:53	274:290	4.0
Gesichtsausdruck	26120215_1967_09_26_01_123.tcf.xml-55-1	26120215_1977_07_05_01_244.tcf.xml-2-21	Sein Gesichtsausdruck, nicht besonders intelligent, war offen; seine auffallend blauen Augen und das kurzgeschorene Blondhaar gaben ihm etwas Jungenhaftes; trotz seiner schweren Körperlichkeit sah Ernst-Dieter Villinger jünger aus als neunzehnjährig.	Maskenbildnerin Margit Gutfamann (Foto links) helft das Gesicht der Sängerin auf und bringt nach und nach einen völlig fremden Gesichtsausdruck zustande. Stunden	5:21	127:143	3.0
Gesichtsausdruck	26120215_1968_02_18_01_153.tcf.xml-79-11	alexis_ruhe01_1852-2778-12	„Als ich hier ankam", erzählte Ebert mit konzentriertem Gesichtsausdruck, „war es bereits dunkel.	Die Alte hatte sich aufgerichtet, und stierte sie mit dem unheimlichen Gesichtsausdruck an:	56:72	71:87	4.0
Gesichtsausdruck	26120215_1968_02_18_01_153.tcf.xml-79-11	kretzer_timpe_1888-3183-31	„Als ich hier ankam", erzählte Ebert mit konzentriertem Gesichtsausdruck, „war es bereits dunkel.	Wenn jetzt Leute durch die Straßen kamen, die ihren Weg hier lange nicht genommen hatten, so blieben sie minutenlang vor der Brücke stehen und musterten kopfschüttelnd und mit komischem Gesichtsausdruck das alte Häuschen.	56:72	186:202	4.0
Gesichtsausdruck	26120215_1969_08_29_01_269.tcf.xml-82-16	varnhagen_rahel02_1834-2891-59	Der Mann aber beachtete ihn nicht, er sah nur Anke an, und 6 ein Gesichtsausdruck blieb unverändert mißmutig.	Sondern eine gewisse Klarheit — ich weiß sonst das grade Gegentheil, ja beinah, die Unmöglichkeit der Narrheit, nicht zu benennen —, die aber überhaupt zu wenig kräftig und positiv genährt ist, als daß man sie nicht mit Nüchternheit verwechslen könnte; weil nicht alle unsere Landsleute auch den Zusatz in sich, und ihren Gesichtsausdruck tragen, der von der Liebhaberei an Spaß — nicht Scherz — Ironie, und ein wenig zum Narren haben zeugt.	65:81	322:338	3.0
Gesichtsausdruck	26120215_1970_04_26_01_531.tcf.xml-41-17	varnhagen_rahel02_1834-2891-59	70. sibirischer Steppenfuchs, 72. deutsche Schriftstellerin der Gegen wait, 73. Nebenfluß der Saale, 74. Gesichtsausdruck.	Sondern eine gewisse Klarheit — ich weiß sonst das grade Gegentheil, ja beinah, die Unmöglichkeit der Narrheit, nicht zu benennen —, die aber überhaupt zu wenig kräftig und positiv genährt ist, als daß man sie nicht mit Nüchternheit verwechslen könnte; weil nicht alle unsere Landsleute auch den Zusatz in sich, und ihren Gesichtsausdruck tragen, der von der Liebhaberei an Spaß — nicht Scherz — Ironie, und ein wenig zum Narren haben zeugt.	105:121	322:338	3.0
Gesichtsausdruck	26120215_1970_06_02_01_029.tcf.xml-16-11	kretzer_timpe_1888-3183-31	Er verleiht den Schäufensterfiguren anmutige Lebhaftigkeit und den frischen und lebendigen Gesichtsausdruck.	Wenn jetzt Leute durch die Straßen kamen, die ihren Weg hier lange nicht genommen hatten, so blieben sie minutenlang vor der Brücke stehen und musterten kopfschüttelnd und mit komischem Gesichtsausdruck das alte Häuschen.	91:107	186:202	4.0
Gesichtsausdruck	26120215_1974_08_31_01_260.tcf.xml-36-38	berlin_wortblindheit_1887-563-30	Einmal allerdings hat er die ganze Geschichte seines Vaters erzählt Der Mann auf dem Foto tragt einen dunklen Anzug, korrekt der Schlips, die Haare tadellos gekämmt, ein gutaussehender Mann, nur die Strenge In seinem Gesichtsausdruck beherrscht alles.	Aufgefordert, doch wieder den Versuch zu machen, geht er bereitwillig darauf ein, liest wieder 4 Worte, um dann dieselbe abwehrende Kopfbewegung zu machen, bei gleichem Gesichtsausdruck wie zuvor.	217:233	169:185	4.0
Gesichtsausdruck	26120215_1976_12_04_01_304.tcf.xml-2-39	hauptmann_sonnenaufgang_1889-91-28	Diese Pose hatte noch stets Eindruck gemacht, und er hielt es für wichtig. so gesehen zu werden, da es ja in jedem Theater Leute gibt, die fähig sind, die Einschätzung eines Theaterstückes nach dem Gesichtsausdruck ihres Vorgesetzten vorzunehmen.	(Helene kommt lesend aus dem Wintergarten; ihre große, ein wenig zu starke Gestalt, die Frisur ihres blonden, ganz ungewöhnlich reichen Haares, ihr Gesichtsausdruck, ihre moderne Kleidung, ihre Bewegungen, ihre ganze Erscheinung überhaupt verleugnen das Bauernmädchen nicht ganz.)	198:214	148:164	4.0
Gesichtsausdruck	26120215_1977_07_05_01_244.tcf.xml-2-21	hauptmann_sonnenaufgang_1889-91-28	Maskenbildnerin Margit Gutfamann (Foto links) helft das Gesicht der Sängerin auf und bringt nach und nach einen völlig fremden Gesichtsausdruck zustande. Stunden	(Helene kommt lesend aus dem Wintergarten; ihre große, ein wenig zu starke Gestalt, die Frisur ihres blonden, ganz ungewöhnlich reichen Haares, ihr Gesichtsausdruck, ihre moderne Kleidung, ihre Bewegungen, ihre ganze Erscheinung überhaupt verleugnen das Bauernmädchen nicht ganz.)	127:143	148:164	3.0
Gesichtsausdruck	26120215_1978_09_02_01_204.tcf.xml-18-9	brehm_thierleben03_1866-11976-8	— Ich versuchte, die alleredelste Gesinnung in meinen Gesichtsausdruck zu legen.	Wenn irgend ein Vogel vorbeifliegt, wird ihr Gesichtsausdruck augenblicklich wild; sie bewegt sich lebhaft und schreit dabei heftig.	54:70	45:61	4.0
Gesichtsausdruck	26120215_1978_09_02_01_204.tcf.xml-18-9	kretzer_timpe_1888-3183-31	— Ich versuchte, die alleredelste Gesinnung in meinen Gesichtsausdruck zu legen.	Wenn jetzt Leute durch die Straßen kamen, die ihren Weg hier lange nicht genommen hatten, so blieben sie minutenlang vor der Brücke stehen und musterten kopfschüttelnd und mit komischem Gesichtsausdruck das alte Häuschen.	54:70	186:202	4.0
Gesichtsausdruck	26120215_1979_01_26_01_109.tcf.xml-28-14	heine_reisebilder03_1830-644-2	„Ist er nicht da?" fragte ich sie mit einem maßlos intelligenten Gesichtsausdruck.	Der leidende Gesichtsausdruck wird bei den Italienern am sichtbarsten, wenn man mit ihnen vom Unglück ihres Vaterlandes spricht, und dazu giebts in Mayland genug Gelegenheit.	65:81	13:29	4.0
Gesichtsausdruck	26120215_1981_03_28_01_152.tcf.xml-30-21	andreas_fenitschka_1898-45-6	Eindrucksvolle farbige Zeichnungen geben einen unmittelbaren optischen Eindruck von der Statur des Frühzeitmenschen und seiner Physiognomie (äußere Erscheinung, besonders Gesichtsausdruck), ebenso von seiner Umwelt Da werden auf dem Rastplatz Werkzeuge angefertigt und Häute erlegter Tiere bearbeitet, eine andere Gruppe jagt mit Speeren einen großen Bären.	Eine der Damen mißverstand ihren ernsthaften Gesichtsausdruck und bemerkte:	171:187	45:61	3.0
Gesichtsausdruck	26120215_1981_08_07_01_091.tcf.xml-33-7	beyer_poetik02_1883-12554-51	ging übern Onkel, und wohl seines Gesichtsausdruckes wegen wirkte er wie ein Riesenbaby.	Jhm stand der Messentext als solcher fest, er modelte nicht daran, dachte überhaupt nicht, hier Musik zu machen, sondern er gab sich eine Vorstellung des Jnhalts des heiligen Vorganges und schuf sich daraus ein Bild in Tönen, wie ein Fra Bartolomeo und Tizian sich eines in Gesichtsausdruck und Farbe schufen &c.“	34:52	274:290	3.0
Gesichtsausdruck	26120215_1985_03_30_01_200.tcf.xml-0-2	beyer_poetik02_1883-12554-51	„Meinen Gesichtsausdruck hatten Sie schon etwas selbstbewußter gestalten können!	Jhm stand der Messentext als solcher fest, er modelte nicht daran, dachte überhaupt nicht, hier Musik zu machen, sondern er gab sich eine Vorstellung des Jnhalts des heiligen Vorganges und schuf sich daraus ein Bild in Tönen, wie ein Fra Bartolomeo und Tizian sich eines in Gesichtsausdruck und Farbe schufen &c.“	8:24	274:290	3.0
Gesichtsausdruck	andreas_fenitschka_1898-45-6	hauptmann_sonnenaufgang_1889-91-28	Eine der Damen mißverstand ihren ernsthaften Gesichtsausdruck und bemerkte:	(Helene kommt lesend aus dem Wintergarten; ihre große, ein wenig zu starke Gestalt, die Frisur ihres blonden, ganz ungewöhnlich reichen Haares, ihr Gesichtsausdruck, ihre moderne Kleidung, ihre Bewegungen, ihre ganze Erscheinung überhaupt verleugnen das Bauernmädchen nicht ganz.)	45:61	148:164	4.0
Gesichtsausdruck	andreas_fenitschka_1898-45-6	heine_reisebilder03_1830-644-2	Eine der Damen mißverstand ihren ernsthaften Gesichtsausdruck und bemerkte:	Der leidende Gesichtsausdruck wird bei den Italienern am sichtbarsten, wenn man mit ihnen vom Unglück ihres Vaterlandes spricht, und dazu giebts in Mayland genug Gelegenheit.	45:61	13:29	4.0
Gesichtsausdruck	andreas_fenitschka_1898-45-6	humboldt_aequinoktial01_1859-3887-20	Eine der Damen mißverstand ihren ernsthaften Gesichtsausdruck und bemerkte:	Der Bart ist ziemlich lang, und trotz seines kleinen Gesichtswinkels von nur 30 ° hat er in Blick und Gesichtsausdruck so viel Menschenähnliches als die Marimonda (Simia Belzebuth) und der Kapuziner am Orinoko (S. chiropotes).	45:61	102:118	4.0
Gesichtsausdruck	andreas_fenitschka_1898-45-6	kretzer_timpe_1888-3183-31	Eine der Damen mißverstand ihren ernsthaften Gesichtsausdruck und bemerkte:	Wenn jetzt Leute durch die Straßen kamen, die ihren Weg hier lange nicht genommen hatten, so blieben sie minutenlang vor der Brücke stehen und musterten kopfschüttelnd und mit komischem Gesichtsausdruck das alte Häuschen.	45:61	186:202	4.0
Gesichtsausdruck	andreas_fenitschka_1898-45-6	peschel_voelkerkunde_1874-1318-12	Eine der Damen mißverstand ihren ernsthaften Gesichtsausdruck und bemerkte:	In der Grösse des Winkels fand er den Maassstab für den edleren Gesichtsausdruck.	45:61	64:80	3.0
Gesichtsausdruck	andreas_fenitschka_1898-45-6	werner_seeleben_1880-188-1	Eine der Damen mißverstand ihren ernsthaften Gesichtsausdruck und bemerkte:	Sein Gesichtsausdruck war ernst, ja finster und ich forschte darin vergebens nach Wohlwollen.	45:61	5:21	4.0
Gesichtsausdruck	baumgart_poetik_1887-604-18	kretzer_timpe_1888-3183-31	Sofern aber die menschliche Gestalt durch Körperform und Züge des Antlitzes, zumal durch Stellung des Körpers und Gesichtsausdruck eine unmittelbare, durch sich selbst deutliche Vorstellung ethischer Beschaffenheit und psychologischer Vorgänge zu geben vermag, ist die bildende Kunst auch imstande den Eindruck, den die Dichtung durch die Erzählung der Handlung hervorbringt, unmittelbar zu erzeugen.	Wenn jetzt Leute durch die Straßen kamen, die ihren Weg hier lange nicht genommen hatten, so blieben sie minutenlang vor der Brücke stehen und musterten kopfschüttelnd und mit komischem Gesichtsausdruck das alte Häuschen.	114:130	186:202	4.0
Gesichtsausdruck	beyer_poetik02_1883-12554-51	brehm_thierleben03_1866-11976-8	Jhm stand der Messentext als solcher fest, er modelte nicht daran, dachte überhaupt nicht, hier Musik zu machen, sondern er gab sich eine Vorstellung des Jnhalts des heiligen Vorganges und schuf sich daraus ein Bild in Tönen, wie ein Fra Bartolomeo und Tizian sich eines in Gesichtsausdruck und Farbe schufen &c.“	Wenn irgend ein Vogel vorbeifliegt, wird ihr Gesichtsausdruck augenblicklich wild; sie bewegt sich lebhaft und schreit dabei heftig.	274:290	45:61	3.0
Gesichtsausdruck	beyer_poetik02_1883-12554-51	fontane_brandenburg04_1882-3133-1	Jhm stand der Messentext als solcher fest, er modelte nicht daran, dachte überhaupt nicht, hier Musik zu machen, sondern er gab sich eine Vorstellung des Jnhalts des heiligen Vorganges und schuf sich daraus ein Bild in Tönen, wie ein Fra Bartolomeo und Tizian sich eines in Gesichtsausdruck und Farbe schufen &c.“	Der Gesichtsausdruck entspricht dem einer selbstbewußten, herrschgewohnten Frau, deren natürliche Gutmüthigkeit sich gegen die Regungen des Stolzes eben so sehr wie gegen die harten Schläge des Schicksals behauptet hat.	274:290	4:20	3.0
Gesichtsausdruck	beyer_poetik02_1883-12554-51	fontane_brandenburg04_1882-5691-32	Jhm stand der Messentext als solcher fest, er modelte nicht daran, dachte überhaupt nicht, hier Musik zu machen, sondern er gab sich eine Vorstellung des Jnhalts des heiligen Vorganges und schuf sich daraus ein Bild in Tönen, wie ein Fra Bartolomeo und Tizian sich eines in Gesichtsausdruck und Farbe schufen &c.“	In ihrer ersten Jugend schon, so hört’ ich später, nahm sie sich der Armen und Verlassenen an, und wenn sie durch das Dorf ging und die Kinder mit stumpfem Gesichtsausdruck in der Hausthür sitzen sah, sagte sie:	274:290	156:172	3.0
Gesichtsausdruck	brehm_thierleben01_1864-16725-13	hauptmann_sonnenaufgang_1889-1293-2	Bald sitzt er aufrecht in einem einsamen Winkel und ist mit dem ernsthaftesten Gesichtsausdruck beschäftigt, sich einen Strohhalm über die Nase zu binden, bald spielt er nachdenklich mit den Zehen seines Hinterfußes oder hascht nach der wedelnden Spitze der langen Ruthe.	(dessen Gesichtsausdruck ein wenig freundlicher geworden war, nimmt bei den letzten Worten Loth's wieder das alte mißtrauisch feindselige Gepräge an; ohne Loth weiter zu beachten, hat er sich neuerdings wieder ganz seiner Arbeit zugewendet und zwar mit den Eingangsworten).	79:95	8:24	4.0
Gesichtsausdruck	brehm_thierleben01_1864-4587-12	wernicke_symptomencomplex_1874-558-15	Die breit geöffnete Schnauze trägt allerdings auch mit bei, daß der Gesichtsausdruck ein ganz eigenthümlicher wird: die Hautwucherung an den Ohren und der Nase aber ist es, welche dem Gesicht sein eigenthümliches Gepräge und — nach der Ansicht der Meisten wenigstens — seine Häßlichkeit giebt.	Sie bot alle Zeichen hochgradiger Senescenz, sehr vorgeschrittene Atherose aller zugänglichen Gefässe, leidenden Gesichtsausdruck.	68:84	113:129	3.0
Gesichtsausdruck	brehm_thierleben01_1864-4760-23	kretzer_timpe_1888-3183-31	Die geistigen Fähigkeiten der Flatterthiere sind keineswegs so gering, als man gern annehmen möchte, und strafen den auf ziemliche Geistesarmuth hindeutenden Gesichtsausdruck Lügen.	Wenn jetzt Leute durch die Straßen kamen, die ihren Weg hier lange nicht genommen hatten, so blieben sie minutenlang vor der Brücke stehen und musterten kopfschüttelnd und mit komischem Gesichtsausdruck das alte Häuschen.	158:174	186:202	3.0
Gesichtsausdruck	brehm_thierleben01_1864-8707-1	wernicke_symptomencomplex_1874-558-15	Der Gesichtsausdruck zeigt Dies recht deutlich; denn das Hundesicht spricht uns freundlich an und läßt niemals das trotzige Selbstvertrauen und die Wildheit, welche sich im Katzengesicht ausdrücken, besonders bemerklich werden.	Sie bot alle Zeichen hochgradiger Senescenz, sehr vorgeschrittene Atherose aller zugänglichen Gefässe, leidenden Gesichtsausdruck.	4:20	113:129	3.0
Gesichtsausdruck	brehm_thierleben01_1864-890-19	wernicke_symptomencomplex_1874-558-15	Unschuldig, kindlich sehen blos die geistesärmeren, stilleren Affen aus, und doch ist der Wechsel in ihrem Gesichtsausdruck noch immer ein erstaunlich rascher und umfassender.	Sie bot alle Zeichen hochgradiger Senescenz, sehr vorgeschrittene Atherose aller zugänglichen Gefässe, leidenden Gesichtsausdruck.	107:123	113:129	3.0
Gesichtsausdruck	brehm_thierleben01_1864-8943-6	varnhagen_rahel02_1834-2891-59	Kein einziger Haushund hat einen solchen Gesichtsausdruck, wie die wilden; selbst der Hund der Eskimos ist, wenn man ihm ins Gesicht schaut, vom Wolf zu unterscheiden; der Adjak aber sieht so wild aus, wie nur irgend einer seiner freilebenden Verwandten.	Sondern eine gewisse Klarheit — ich weiß sonst das grade Gegentheil, ja beinah, die Unmöglichkeit der Narrheit, nicht zu benennen —, die aber überhaupt zu wenig kräftig und positiv genährt ist, als daß man sie nicht mit Nüchternheit verwechslen könnte; weil nicht alle unsere Landsleute auch den Zusatz in sich, und ihren Gesichtsausdruck tragen, der von der Liebhaberei an Spaß — nicht Scherz — Ironie, und ein wenig zum Narren haben zeugt.	41:57	322:338	3.0
Gesichtsausdruck	conradi_adam_1889-947-19	steinen_naturvoelker_1894-1565-7	Er spielte mit den Fingern der rechten Hand an dem Griffe seines Weinglases herum und warf nun mit gutmüthig-boshaftem Gesichtsausdruck die Frage über den Tisch zu seinem Gegner hinüber:	Nun, der Ankömmling zeigte mit seinem Gesichtsausdruck deutlich, dass er seinerseits doch uns bewundere.	119:135	38:54	4.0
Gesichtsausdruck	fontane_brandenburg01_1862-3109-27	hauptmann_sonnenaufgang_1889-91-28	Sein Bildniß fehlt jetzt zwar an dem breiten Mauerpfeiler, an dem es früher hing und Großmutter und Enkel, das Lächeln des einen, der herbe Gesichtsausdruck der andern, begegnen sich nicht länger an dieser Stelle; aber das Totalbild des „Poeten,“ seinen Charakter wie seine Erscheinung, hat uns eine zeitgenössische Feder aufbewahrt und mit Hülfe dieser Aufzeichnung erneuern wir auf Momente das Bild und führen es an dem Auge unserer Leser vorüber.	(Helene kommt lesend aus dem Wintergarten; ihre große, ein wenig zu starke Gestalt, die Frisur ihres blonden, ganz ungewöhnlich reichen Haares, ihr Gesichtsausdruck, ihre moderne Kleidung, ihre Bewegungen, ihre ganze Erscheinung überhaupt verleugnen das Bauernmädchen nicht ganz.)	140:156	148:164	4.0
Gesichtsausdruck	fontane_brandenburg01_1862-3807-69	varnhagen_rahel02_1834-2891-59	Die Büste ist, mit Rücksicht auf die Zeit und das schlechte Material, keine verächtliche Arbeit; ein ausdrucksvolles Gesicht, ziemlich mager, die einzelnen Theile eher klein als groß, eigenes, fast gekräuseltes Haar und ein kleiner, bürstenartiger Schnurrbart; der ganze Kopf den kleinen Kupferstichporträts des alten Helden, denen man mitunter in Bilderkalendern begegnet, wenig ähnlich, aber lebhaft an den Gesichtsausdruck unseres „alten Wrangel“ erinnernd, dessen Ahnherrn er bei Fehrbellin besiegte.	Sondern eine gewisse Klarheit — ich weiß sonst das grade Gegentheil, ja beinah, die Unmöglichkeit der Narrheit, nicht zu benennen —, die aber überhaupt zu wenig kräftig und positiv genährt ist, als daß man sie nicht mit Nüchternheit verwechslen könnte; weil nicht alle unsere Landsleute auch den Zusatz in sich, und ihren Gesichtsausdruck tragen, der von der Liebhaberei an Spaß — nicht Scherz — Ironie, und ein wenig zum Narren haben zeugt.	409:425	322:338	3.0
Gesichtsausdruck	fontane_brandenburg02_1863-6218-13	nn_nrhz157_1848-267-18	Stellt einen ältren Mann mit weißem Bart, von ernstem, fast schwermüthigen Gesichtsausdruck dar.	— Das Gespräch wird immer lebhafter; Baumstark demonstrirt, Brandenburg hört mit einem unbeschreiblich öden und leeren Gesichtsausdruck zu; Reichensperger gestikulirt sehr eindringlich — man sieht ihn mit höchst schwieriger bedenklicher Miene die Achseln zucken.	75:91	119:135	4.0
Gesichtsausdruck	fontane_brandenburg04_1882-3168-27	wernicke_symptomencomplex_1874-445-24	Sein Bildniß fehlt zwar an dem breiten Mauerpfeiler, an dem es früher hing, und Großmutter und Enkel, das Lächeln des einen und der herbe Gesichtsausdruck der andern, begegnen sich nicht länger mehr an dieser Stelle; das Totalbild des „Poeten“ aber, seinen Charakter wie seine Erscheinung, hat uns eine zeitgenössische Feder aufbewahrt und mit Hülfe dieser Aufzeichnungen erneuern wir auf Momente das Bild und führen es an des Lesers Auge vorüber.	Schwächlich gebaute, mässig gealterte Frau, rechts mit Cataracta senilis, links mit einem künstlichen Coloboma iridis behaftet, von intelligentem, entgegenkommendem Gesichtsausdruck.	138:154	165:181	4.0
Gesichtsausdruck	fontane_brandenburg04_1882-5691-32	hauptmann_sonnenaufgang_1889-91-28	In ihrer ersten Jugend schon, so hört’ ich später, nahm sie sich der Armen und Verlassenen an, und wenn sie durch das Dorf ging und die Kinder mit stumpfem Gesichtsausdruck in der Hausthür sitzen sah, sagte sie:	(Helene kommt lesend aus dem Wintergarten; ihre große, ein wenig zu starke Gestalt, die Frisur ihres blonden, ganz ungewöhnlich reichen Haares, ihr Gesichtsausdruck, ihre moderne Kleidung, ihre Bewegungen, ihre ganze Erscheinung überhaupt verleugnen das Bauernmädchen nicht ganz.)	156:172	148:164	4.0
Gesichtsausdruck	fontane_brandenburg04_1882-5691-32	kuernberger_amerikamuede_1855-6058-10	In ihrer ersten Jugend schon, so hört’ ich später, nahm sie sich der Armen und Verlassenen an, und wenn sie durch das Dorf ging und die Kinder mit stumpfem Gesichtsausdruck in der Hausthür sitzen sah, sagte sie:	Er beharrte in seinem Blicke auf den zermalmten, elenden Gesichtsausdruck seines Gegners.	156:172	57:73	4.0
Gesichtsausdruck	fontane_brandenburg04_1882-5691-32	steinthal_grammatik_1855-4882-16	In ihrer ersten Jugend schon, so hört’ ich später, nahm sie sich der Armen und Verlassenen an, und wenn sie durch das Dorf ging und die Kinder mit stumpfem Gesichtsausdruck in der Hausthür sitzen sah, sagte sie:	Die bestimmte Articulation als bloße Reflexbewegung einer Anschauung hat nicht mehr Räthselhaftes, als der verschiedene Gesichtsausdruck bei verschiedenen leidenschaftlichen und Gefühls-Erregungen, welcher Ausdruck, bei gebildeten Menschen sehr fein abgeschattet, immer nur durch denselben physiognomischen Gesichtsnerv (N. facialis) hervorgebracht wird.	156:172	120:136	4.0
Gesichtsausdruck	fontane_brandenburg04_1882-5691-32	vischer_aesthetik030203_1854-2144-31	In ihrer ersten Jugend schon, so hört’ ich später, nahm sie sich der Armen und Verlassenen an, und wenn sie durch das Dorf ging und die Kinder mit stumpfem Gesichtsausdruck in der Hausthür sitzen sah, sagte sie:	Apollodorus hatte in der Schattengebung vorgearbeitet; die Modellirung versteht jetzt den Schein völliger Rundung zu geben, das Colorit erfüllt sich mit den Unterschieden der Töne und Uebergänge, der Gesichtsausdruck belebt sich, es wird Illusion erzielt.	156:172	200:216	3.0
Gesichtsausdruck	fontane_brandenburg04_1882-5691-32	wernicke_symptomencomplex_1874-558-15	In ihrer ersten Jugend schon, so hört’ ich später, nahm sie sich der Armen und Verlassenen an, und wenn sie durch das Dorf ging und die Kinder mit stumpfem Gesichtsausdruck in der Hausthür sitzen sah, sagte sie:	Sie bot alle Zeichen hochgradiger Senescenz, sehr vorgeschrittene Atherose aller zugänglichen Gefässe, leidenden Gesichtsausdruck.	156:172	113:129	4.0
Gesichtsausdruck	fontane_briest_1896-420-41	kretzer_timpe_1888-3183-31	Im Nu war sie oben, und richtig, da kam auch schon die ganze Schuljugend heran, Jahnke gravitätisch am rechten Flügel, während ein kleiner Tambourmajor, weit voran, an der Spitze des Zuges marschierte, mit einem Gesichtsausdruck, als ob ihm obläge, die Schlacht bei Sedan noch einmal zu schlagen.	Wenn jetzt Leute durch die Straßen kamen, die ihren Weg hier lange nicht genommen hatten, so blieben sie minutenlang vor der Brücke stehen und musterten kopfschüttelnd und mit komischem Gesichtsausdruck das alte Häuschen.	212:228	186:202	4.0
Gesichtsausdruck	griesinger_psychische_1845-2444-21	wernicke_symptomencomplex_1874-558-15	Sie sind gänzlich verstummt, vollkommen unthätig, ohne stärkere äussere Anlässe fast unbeweglich, ihr Aussehen ist stupid, ihr Gesichtsausdruck der einer allgemeinen tiefen psychischen Oppression, einer wahren Vernichtung; nur der Blick solcher Kranken zeigt nicht die dem Blödsinn angehörige Nullität, sondern den Ausdruck eines schmerzlichen Affects, der Traurigkeit, Angst, oder ein insichgekehrtes Staunen.	Sie bot alle Zeichen hochgradiger Senescenz, sehr vorgeschrittene Atherose aller zugänglichen Gefässe, leidenden Gesichtsausdruck.	127:143	113:129	4.0
Gesichtsausdruck	hauptmann_sonnenaufgang_1889-91-28	kurz_sonnenwirth_1855-5748-47	(Helene kommt lesend aus dem Wintergarten; ihre große, ein wenig zu starke Gestalt, die Frisur ihres blonden, ganz ungewöhnlich reichen Haares, ihr Gesichtsausdruck, ihre moderne Kleidung, ihre Bewegungen, ihre ganze Erscheinung überhaupt verleugnen das Bauernmädchen nicht ganz.)	Sie sah ihn zweifelhaft an und schwieg, aber der heitere Schimmer von Hoffnung, der ihr Antlitz neu zu beleben begonnen hatte, wich allmählich wieder aus ihm, und jener Zug leidender Geduld und Entsagung, der den Frauen aus dem Volke einen so mitleiderregenden Gesichtsausdruck geben kann, nahm seine alte Stelle ein.	148:164	261:277	4.0
Gesichtsausdruck	hauptmann_sonnenaufgang_1889-91-28	peschel_voelkerkunde_1874-1353-13	(Helene kommt lesend aus dem Wintergarten; ihre große, ein wenig zu starke Gestalt, die Frisur ihres blonden, ganz ungewöhnlich reichen Haares, ihr Gesichtsausdruck, ihre moderne Kleidung, ihre Bewegungen, ihre ganze Erscheinung überhaupt verleugnen das Bauernmädchen nicht ganz.)	Offenbar ist es der Winkel an dem Beginn der Zahnfächer, welcher den Gesichtsausdruck beherrscht und mit dessen Grösse sich in unsern Augen das Antlitz veredelt.	148:164	69:85	3.0
Gesichtsausdruck	hauptmann_sonnenaufgang_1889-91-28	peschel_voelkerkunde_1874-5617-13	(Helene kommt lesend aus dem Wintergarten; ihre große, ein wenig zu starke Gestalt, die Frisur ihres blonden, ganz ungewöhnlich reichen Haares, ihr Gesichtsausdruck, ihre moderne Kleidung, ihre Bewegungen, ihre ganze Erscheinung überhaupt verleugnen das Bauernmädchen nicht ganz.)	Die breite Nase krümmt sich mit der Spitze nach unten, wodurch der Gesichtsausdruck einen jüdischen Anstrich erhält, der keinem Beobachter bisher entgangen ist.	148:164	67:83	3.0
Gesichtsausdruck	hauptmann_sonnenaufgang_1889-91-28	polenz_buettnerbauer_1895-33-18	(Helene kommt lesend aus dem Wintergarten; ihre große, ein wenig zu starke Gestalt, die Frisur ihres blonden, ganz ungewöhnlich reichen Haares, ihr Gesichtsausdruck, ihre moderne Kleidung, ihre Bewegungen, ihre ganze Erscheinung überhaupt verleugnen das Bauernmädchen nicht ganz.)	Er war etwas kleiner, als Vater und Bruder, sehnig, gut gewachsen, mit offenem einnehmendem Gesichtsausdruck.	148:164	92:108	4.0
Gesichtsausdruck	heine_reisebilder03_1830-644-2	varnhagen_rahel02_1834-2891-59	Der leidende Gesichtsausdruck wird bei den Italienern am sichtbarsten, wenn man mit ihnen vom Unglück ihres Vaterlandes spricht, und dazu giebts in Mayland genug Gelegenheit.	Sondern eine gewisse Klarheit — ich weiß sonst das grade Gegentheil, ja beinah, die Unmöglichkeit der Narrheit, nicht zu benennen —, die aber überhaupt zu wenig kräftig und positiv genährt ist, als daß man sie nicht mit Nüchternheit verwechslen könnte; weil nicht alle unsere Landsleute auch den Zusatz in sich, und ihren Gesichtsausdruck tragen, der von der Liebhaberei an Spaß — nicht Scherz — Ironie, und ein wenig zum Narren haben zeugt.	13:29	322:338	4.0
Gesichtsausdruck	humboldt_aequinoktial02_1859-533-14	wernicke_symptomencomplex_1874-558-15	Beim Menschen betreffen die Abweichungen vom ganzen gemeinsamen Rassentypus mehr den Wuchs, den Gesichtsausdruck, den Körperbau, als die Farbe.	Sie bot alle Zeichen hochgradiger Senescenz, sehr vorgeschrittene Atherose aller zugänglichen Gefässe, leidenden Gesichtsausdruck.	96:112	113:129	3.0
Gesichtsausdruck	humboldt_aequinoktial03_1859-641-28	varnhagen_rahel02_1834-2891-59	Ihre glatten, dichten, auf der Stirne wie bei den Chorknaben verschnittenen Haare, ihre schwarz gefärbten Augenbrauen, ihr finsterer und doch lebhafter Blick gaben ihrem Gesichtsausdruck etwas ungemein Hartes.	Sondern eine gewisse Klarheit — ich weiß sonst das grade Gegentheil, ja beinah, die Unmöglichkeit der Narrheit, nicht zu benennen —, die aber überhaupt zu wenig kräftig und positiv genährt ist, als daß man sie nicht mit Nüchternheit verwechslen könnte; weil nicht alle unsere Landsleute auch den Zusatz in sich, und ihren Gesichtsausdruck tragen, der von der Liebhaberei an Spaß — nicht Scherz — Ironie, und ein wenig zum Narren haben zeugt.	170:186	322:338	4.0
Gesichtsausdruck	kretzer_timpe_1888-3183-31	parthey_jugenderinnerungen01_1871-3358-13	Wenn jetzt Leute durch die Straßen kamen, die ihren Weg hier lange nicht genommen hatten, so blieben sie minutenlang vor der Brücke stehen und musterten kopfschüttelnd und mit komischem Gesichtsausdruck das alte Häuschen.	Eine gedrungene, breitschultrige Gestalt von elastischen, kräftigen Bewegungen und sehr freundlichem Gesichtsausdrucke.	186:202	101:118	4.0
Gesichtsausdruck	munzinger_japaner_1898-4230-1	wernicke_symptomencomplex_1874-558-15	Der Gesichtsausdruck ist aber im Grunde nichts anderes als die Widerspiegelung der inneren Gedankenwelt, und der Rückschluß aus einer christlichen Physiognomie auf ein echt christliches Herz wird in den meisten Fällen kein Trugschluß sein.	Sie bot alle Zeichen hochgradiger Senescenz, sehr vorgeschrittene Atherose aller zugänglichen Gefässe, leidenden Gesichtsausdruck.	4:20	113:129	3.0
Gesichtsausdruck	steinen_naturvoelker_1894-10962-1	wernicke_symptomencomplex_1874-558-15	Der Gesichtsausdruck blieb ruhig und bekundete keinen Schmerz; das Ritzen geschah mit ungemein schnellen Bewegungen.	Sie bot alle Zeichen hochgradiger Senescenz, sehr vorgeschrittene Atherose aller zugänglichen Gefässe, leidenden Gesichtsausdruck.	4:20	113:129	4.0
Gesichtsausdruck	varnhagen_rahel02_1834-2891-59	wedekind_erdgeist_1895-37-9	Sondern eine gewisse Klarheit — ich weiß sonst das grade Gegentheil, ja beinah, die Unmöglichkeit der Narrheit, nicht zu benennen —, die aber überhaupt zu wenig kräftig und positiv genährt ist, als daß man sie nicht mit Nüchternheit verwechslen könnte; weil nicht alle unsere Landsleute auch den Zusatz in sich, und ihren Gesichtsausdruck tragen, der von der Liebhaberei an Spaß — nicht Scherz — Ironie, und ein wenig zum Narren haben zeugt.	Ich habe noch niemanden gemalt, bei dem der Gesichtsausdruck so ununterbrochen wechselte.	322:338	44:60	4.0
Gesichtsausdruck	varnhagen_rahel02_1834-2891-59	wernicke_symptomencomplex_1874-558-15	Sondern eine gewisse Klarheit — ich weiß sonst das grade Gegentheil, ja beinah, die Unmöglichkeit der Narrheit, nicht zu benennen —, die aber überhaupt zu wenig kräftig und positiv genährt ist, als daß man sie nicht mit Nüchternheit verwechslen könnte; weil nicht alle unsere Landsleute auch den Zusatz in sich, und ihren Gesichtsausdruck tragen, der von der Liebhaberei an Spaß — nicht Scherz — Ironie, und ein wenig zum Narren haben zeugt.	Sie bot alle Zeichen hochgradiger Senescenz, sehr vorgeschrittene Atherose aller zugänglichen Gefässe, leidenden Gesichtsausdruck.	322:338	113:129	4.0
Gesichtsausdruck	wedekind_erdgeist_1895-37-9	wernicke_symptomencomplex_1874-558-15	Ich habe noch niemanden gemalt, bei dem der Gesichtsausdruck so ununterbrochen wechselte.	Sie bot alle Zeichen hochgradiger Senescenz, sehr vorgeschrittene Atherose aller zugänglichen Gefässe, leidenden Gesichtsausdruck.	44:60	113:129	4.0
