lemma	identifier	context	indexes_target_token	context_normalized
Ausnahmegesetz	aston_emancipation_1846-157-20	Beamte haben mir dies deutlich zu machen gesucht, wie die Regierung zu solchem Verfahren, zu Maßregeln, zu Ausnahmegesetzen berechtigt sei.	107:123	Beamte haben mir dies deutlich zu machen gesucht , wie die Regierung zu solchem Verfahren , zu Maßregeln , zu Ausnahmegesetzen berechtigt sei .
Ausnahmegesetz	nn_maehrisches30_1884-96-11	wird erst nach Anhörung des Herrn Ministerpräsidenten im Ausschuße zu dem Ausnahmsgesetze Stellung nehmen.	74:89	wird erst nach Anhörung des Herrn Ministerpräsidenten im Ausschuß zu dem Ausnahmegesetze Stellung nehmen .
Ausnahmegesetz	goerres_revolution_1819-214-140	Indem man der Zeit einige wirkliche unabweisliche Einräumungen gestattete, war jenem guten Willen genug gethan, das Gewissen zur Ruh geredet, und der dringendste Ungestüm mit einer abschläglichen Zahlung abgewiesen; für die später einlaufenden Forderungen, die von Gerichtswegen, wie die französische Schuld, schon gemäßigt waren, wurde von jenen Papieren und Phrasen, die nie nach dem Nennwerth gelten, ein reichlicher Vor rath eingelegt, und ein wohlbestelltes Lager jener Quincailleriewaaren etablirt, die uns die Revolution gebracht, und mit denen der Zeitgeist, wie jener Vogel mit der Silberkugel, spielend sich vergnügt: Vergünstigungen, die nichts kosten, aber jedesmal zählen bey der Parade; Freyheiten, die sich entweder von selbst verstehen, oder bey der Willkühr als ihrem Brodherrn Hofedienst zu leisten sich entschließen; Bewilligungen durch Ausnahmegesetze weislich gezügelt; hohle Formeln und gleissende brillantirte Lügen, in die die Eitelkeit sich gern putzen mag, und wie die Behelfe heißen mögen, mit denen die Klugheit der Welt sich durchschlagen zu müssen glaubt.	856:871	Indem man der Zeit einige wirkliche unabweisliche Einräumungen gestattete , war jenem guten Willen genug getan , das Gewissen zur Ruhe geredet , und der dringendste Ungestüm mit einer abschläglichen Zahlung abgewiesen ; für die später einlaufenden Forderungen , die von Gerichtswegen , wie die französische Schuld , schon gemäßigt waren , wurde von jenen Papieren und Phrasen , die nie nach dem Nennwert gelten , ein reichlicher Vor Rat eingelegt , und ein wohlbestelltes Lager jener Quincailleriewaaren etabliert , die uns die Revolution gebracht , und mit denen der Zeitgeist , wie jener Vogel mit der Silberkugel , spielend sich vergnügt : Vergünstigungen , die nichts kosten , aber jedesmal zählen bei der Parade ; Freiheiten , die sich entweder von selbst verstehen , oder bei der Willkür als ihrem Brotherrn Hofdienst zu leisten sich entschließen ; Bewilligungen durch Ausnahmegesetze weislich gezügelt ; hohle Formeln und gleißende brillantierte Lügen , in die die Eitelkeit sich gern putzen mag , und wie die Behelfe heißen mögen , mit denen die Klugheit der Welt sich durchschlagen zu müssen glaubt .
Ausnahmegesetz	treitschke_geschichte04_1889-4219-5	Die Sechs Artikel waren kein Ausnahmegesetz, wie die Liberalen behaupteten, sie enthielten im Wesentlichen nur die authentische Interpretation bestehender Bundesgesetze.	29:43	Die Sechs Artikel waren kein Ausnahmegesetz , wie die Liberalen behaupteten , sie enthielten im Wesentlichen nur die authentische Interpretation bestehender Bundesgesetze .
Ausnahmegesetz	nn_nrhz083_1848-32-29	Die Ausstellungen des Herrn Dahlmann würden nur dann gerechtfertigt sein, wenn die „Gleichheit vor dem Gesetz“ mehr als ein bloßes „Rechtssprüchwort“ werden und alle Ausnahmegesetze ausschließen solle.	166:181	Die Ausstellungen des Herrn Dahlmann würden nur dann gerechtfertigt sein , wenn die " Gleichheit vor dem Gesetz " mehr als ein bloßes " Rechtssprüchwort " werden und alle Ausnahmegesetze ausschließen solle .
Ausnahmegesetz	nn_nrhz213_1849-378-9	Deshalb muß man die Republik schaffen, damit die Ausnahmegesetze aufhören!	49:64	Deshalb muß man die Republik schaffen , damit die Ausnahmegesetze aufhören !
Ausnahmegesetz	treitschke_geschichte05_1894-3069-45	Die Baiern rühmten sich gern, daß bei ihnen allein die Karlsbader Beschlüsse nicht vollständig ausgeführt würden; und allerdings ließ der Münchener Hof nach wie vor nur politische und statistische Zeitschriften censiren, obgleich er doch selber einst am Bundestage die Verlängerung der Karlsbader Ausnahmegesetze durchgesetzt hatte.	297:312	Die Bayern rühmten sich gern , daß bei ihnen allein die Karlsbader Beschlüsse nicht vollständig ausgeführt würden ; und allerdings ließ der Münchener Hof nach wie vor nur politische und statistische Zeitschriften zensieren , obgleich er doch selber einst am Bundestage die Verlängerung der Karlsbader Ausnahmegesetze durchgesetzt hatte .
Ausnahmegesetz	laband_staatsrecht01_1876-2419-30	Durch die völlige Analogie der Fälle könnte die extensive Interpretation des § 4 cit. gerechtfertigt erscheinen, wenn ihr nicht der Charakter des Gesetzes vom 4. Mai 1874 als eines Ausnahmegesetzes entgegen stände.	181:197	Durch die völlige Analogie der Fälle könnte die extensive Interpretation des § 4 cit. gerechtfertigt erscheinen , wenn ihr nicht der Charakter des Gesetzes vom 4. Mai 1874 als eines Ausnahmegesetzes entgegen stände .
Ausnahmegesetz	treitschke_geschichte03_1885-11386-19	Die jedem Preußen unvergeßliche Schmach jener Punctation liegt nicht in ihrem Inhalt; denn über die Nothwendigkeit der Karlsbader Ausnahmegesetze waren beide Mächte von vorn herein einverstanden, und auch der Artikel VII. über die preußische Verfassung sagte streng genommen nichts Neues.	130:145	Die jedem Preußen unvergeßliche Schmach jener Punktation liegt nicht in ihrem Inhalt ; denn über die Notwendigkeit der Karlsbader Ausnahmegesetze waren beide Mächte von vorn herein einverstanden , und auch der Artikel VII. über die preußische Verfassung sagte streng genommen nichts Neues .
Ausnahmegesetz	nn_maehrisches122_1895-141-18	Ja, derselbe Mann, der im vorigen Jahre als leitender Minister durch das Gewicht seiner Persönlichkeit scharfe Ausnahmegesetze gegen die Bomben schleudernden Anarchisten durchzudrücken verstand, versuchte sich damals selbst in der Fabrikation solcher Mordinstrumente!	111:126	Ja , derselbe Mann , der im vorigen Jahre als leitender Minister durch das Gewicht seiner Persönlichkeit scharfe Ausnahmegesetze gegen die Bomben schleudernden Anarchisten durchzudrücken verstand , versuchte sich damals selbst in der Fabrikation solcher Mordinstrumente !
Ausnahmegesetz	treitschke_geschichte03_1885-4922-23	Er bestand darauf, daß diesmal die Formen des Bundesrechts gewissenhaft geschont würden; er verlangte einstimmigen Beschluß, da die Erneuerung eines Ausnahmegesetzes dem Erlaß eines neuen Gesetzes rechtlich gleichstehe, und setzte endlich seinen Willen durch, obwohl der Wiener Hof, aus Furcht vor einem Mißerfolge, sehr lange und lebhaft widersprach.	149:165	Er bestand darauf , daß diesmal die Formen des Bundesrechts gewissenhaft geschont würden ; er verlangte einstimmigen Beschluß , da die Erneuerung eines Ausnahmegesetzes dem Erlaße eines neuen Gesetzes rechtlich gleichstehe , und setzte endlich seinen Willen durch , obwohl der Wiener Hof , aus Furcht vor einem Mißerfolge , sehr lange und lebhaft widersprach .
Ausnahmegesetz	nn_maehrisches30_1884-304-37	Der Antrag des Abgeordneten Riter v. Schönerer und Abgeordneten Fürnkranz, betreffend die Errichtung von Versorgungs-Rentencassen für Arbeiter wird nicht unterstützt, hingegen wird der Antrag desselben Abgeordneten, betreffend die Unterstützung aus Staatsmitteln an durch die Ausnahmsgesetze betroffene Familien, von der Linken unterstützt.	276:291	Der Antrag des Abgeordneten Ritter v. Schönerer und Abgeordneten Firnkranz , betreffend die Errichtung von Versorgungs-Rentencassen für Arbeiter wird nicht unterstützt , hingegen wird der Antrag desselben Abgeordneten , betreffend die Unterstützung aus Staatsmitteln an durch die Ausnahmegesetze betroffene Familien , von der Linken unterstützt .
Ausnahmegesetz	buechner_kraft_1855-1408-48	Kaum je mag es eine Annahme gegeben haben, welche der Wissenschaft mehr geschadet hat, als die Annahme jener besonderen organischen Kraft, welche als Gegnerin der anorganischen Kräfte (Schwere, Affinität, Licht, Electricität, Magnetismus) auftreten und für die lebenden Wesen natürliche Ausnahmsgesetze begründen sollte, nach denen es diesen möglich werden sollte, sich dem Einfluß und dem Wirken der allgemeinen Naturgesetze zu entziehen, ein Gesetz für sich zu bilden, einen Staat im Staate darzustellen.	287:302	Kaum je mag es eine Annahme gegeben haben , welche der Wissenschaft mehr geschadet hat , als die Annahme jener besonderen organischen Kraft , welche als Gegnerin der anorganischen Kräfte ( Schwere , Affinität , Licht , Elektrizität , Magnetismus ) auftreten und für die lebenden Wesen natürliche Ausnahmegesetze begründen sollte , nach denen es diesen möglich werden sollte , sich dem Einfluß und dem Wirken der allgemeinen Naturgesetze zu entziehen , ein Gesetz für sich zu bilden , einen Staat im Staate darzustellen .
Ausnahmegesetz	stein_handbuch_1870-2277-13	In Deutschland wenig klar; meist unbestimmt unter das Wesen der Nothverordnungen (Ausnahmsgesetze) subsumirt, ohne genaue Bestimmungen.	82:97	In Deutschland wenig klar ; meist unbestimmt unter das Wesen der Notverordnungen ( Ausnahmegesetze ) subsumiert , ohne genaue Bestimmungen .
Ausnahmegesetz	nn_nrhz198_1849-126-16	Der Justizminister v. Mohl erwidert auf eine Interpellation von Simon aus Trier, wegen der durch Ausnahmegesetze in Preußen beschränkten Freiheit der Wahlen:	97:112	Der Justizminister v. Mohl erwidert auf eine Interpellation von Simon aus Trier , wegen der durch Ausnahmegesetze in Preußen beschränkten Freiheit der Wahlen :
Ausnahmegesetz	stein_handbuch_1870-2241-41	Einerseits die verfassungsmäßige Anerkennung eben der persönlichen Freiheit in ihren Grundformen, und andererseits die Gesetze, nach denen die innere Verwaltung durch die Polizei dieselbe zu beschränken berechtigt ist, und die im Gegensatz zur Verfassung auch wohl die „Ausnahmsgesetze“ genannt werden.	270:285	Einerseits die verfassungsmäßige Anerkennung eben der persönlichen Freiheit in ihren Grundformen , und andererseits die Gesetze , nach denen die innere Verwaltung durch die Polizei dieselbe zu beschränken berechtigt ist , und die im Gegensatz zur Verfassung auch wohl die " Ausnahmegesetze " genannt werden .
Ausnahmegesetz	herzl_judenstaat_1896-343-6	Als die Culturvölker die Unmenschlichkeit der Ausnahmegesetze einsahen und uns freiliessen, kam die Freilassung zu spät.	46:61	Als die Kulturvölker die Unmenschlichkeit der Ausnahmegesetze einsahen und uns freiließen , kam die Freilassung zu spät .
Ausnahmegesetz	treitschke_geschichte04_1889-3326-11	Vornehmlich auf Baierns Betrieb war im Jahre 1824 die Giltigkeit dieser Ausnahmegesetze verlängert worden; gleichwohl hatte der bairische Gesandte bei der Abstimmung die beiläufige Bemerkung eingeflochten, man werde sie „wie bisher“ befolgen.	72:87	Vornehmlich auf Bayerns Betrieb war im Jahre 1824 die Giltigkeit dieser Ausnahmegesetze verlängert worden ; gleichwohl hatte der bayerische Gesandte bei der Abstimmung die beiläufige Bemerkung eingeflochten , man werde sie " wie bisher " befolgen .
Ausnahmegesetz	nn_maehrisches71_1886-92-28	Derselbe theilt ferner mit, daß für Wanderversammlungen, welche der Deutschnationale Verein nach Bruck an der Leitha einberufen hatte, von der dortigen Bezirkshauptmannschaft auf Grund der Ausnahmsgesetze die Vorlage des Programms verlangt wurde, trotzdem Graf Taaffe die bestimmte Versicherung abgegeben hatte, daß das Ausnahmsgesetz nicht zu politischen Zwecken mißbraucht werden wird.	189:204	Derselbe teilt ferner mit , daß für Wanderversammlungen , welche der Deutschnationale Verein nach Bruck an der Leitha einberufen hatte , von der dortigen Bezirkshauptmannschaft auf Grund der Ausnahmegesetze die Vorlage des Programms verlangt wurde , trotzdem Graf Taffe die bestimmte Versicherung abgegeben hatte , daß das Ausnahmsgesetz nicht zu politischen Zwecken mißbraucht werden wird .
Ausnahmegesetz	nn_maehrisches30_1884-295-18	Ich werde deshalb im Vereine mit dem Abg. Fürnkranz den Antrag stellen, es möge den durch die Ausnahmsgesetze betroffenen Familien Unterstützungen aus Staatsmitteln gewährt werden.	94:109	Ich werde deshalb im Vereine mit dem Abg. Firnkranz den Antrag stellen , es möge den durch die Ausnahmegesetze betroffenen Familien Unterstützungen aus Staatsmitteln gewährt werden .
Ausnahmegesetz	stein_handbuch_1870-2258-29	Dieses Recht hat nun da, wo die einzelnen staatsbürgerlichen Rechte durch specielle Gesetze formulirt sind, seine gesetzliche Ordnung nach Vorbild der Aufhebung der Habeas Corpus-Akte in den Ausnahmegesetzen gefunden, welche das Recht der Regierung auf Suspension der staatsbürgerlichen Rechte genau beschränken und ordnen.	191:207	Dieses Recht hat nun da , wo die einzelnen staatsbürgerlichen Rechte durch spezielle Gesetze formuliert sind , seine gesetzliche Ordnung nach Vorbild der Aufhebung der Habeas Corpus-Akte in den Ausnahmegesetzen gefunden , welche das Recht der Regierung auf Suspension der staatsbürgerlichen Rechte genau beschränken und ordnen .
Ausnahmegesetz	treitschke_geschichte03_1885-215-40	Er wollte, wie Bernstorff schrieb, „sein eigenes Werk durch die Einmischung des Bundes zerstört sehen“ und wünschte eine umfassende Neugestaltung der Bundesakte, um den Landesverfassungen feste Schranken zu ziehen, zum mindesten aber ein neues Ausnahmegesetz, das die Oeffentlichkeit der Kammerverhandlungen für die fünfjährige Dauer der Karlsbader Beschlüsse aufheben sollte.	244:258	Er wollte , wie Bernstorff schrieb , " sein eigenes Werk durch die Einmischung des Bundes zerstört sehen " und wünschte eine umfassende Neugestaltung der Bundesakte , um den Landesverfassungen feste Schranken zu ziehen , zum mindesten aber ein neues Ausnahmegesetz , das die Öffentlichkeit der Kammerverhandlungen für die fünfjährige Dauer der Karlsbader Beschlüsse aufheben sollte .
Ausnahmegesetz	mommsen_roemische03_1856-4491-47	Während Caesar die auf die Nachricht von der pharsalischen Schlacht von dem hauptstädtischen Pöbel umgestürzten Bildsäulen Sullas wieder aufzurichten befahl und also es anerkannte, dass über diesen grossen Mann einzig der Geschichte Gericht zu halten gebühre, hob er zugleich die letzten noch nachwirkenden Folgen seiner Ausnahmegesetze auf, rief die noch von den cinnanischen und sertorianischen Wirren her Verbannten aus dem Exil zurück und gab den Kindern der von Sulla Geächteten die verlorene passive Wahlfähigkeit wieder.	321:336	Während Caesar die auf die Nachricht von der pharsalischen Schlacht von dem hauptstädtischen Pöbel umgestürzten Bildsäulen Sullas wieder aufzurichten befahl und also es anerkannte , dass über diesen großen Mann einzig der Geschichte Gericht zu halten gebühre , hob er zugleich die letzten noch nachwirkenden Folgen seiner Ausnahmegesetze auf , rief die noch von den Kinnanischen und sertorianischen Wirren her Verbannten aus dem Exil zurück und gab den Kindern der von Sulla Geächteten die verlorene passive Wahlfähigkeit wieder .
Ausnahmegesetz	treitschke_geschichte03_1885-4993-23	Durch diese fabelhafte legislatorische Fruchtbarkeit war die organische Gesetzgebung des Bundes nunmehr natürlich abgeschlossen, und es fehlte nur noch die Erneuerung der Ausnahmegesetze.	171:186	Durch diese fabelhafte legislatorische Fruchtbarkeit war die organische Gesetzgebung des Bundes nunmehr natürlich abgeschlossen , und es fehlte nur noch die Erneuerung der Ausnahmegesetze .
Ausnahmegesetz	treitschke_geschichte03_1885-11544-11	Nachdem die Karlsbader Versammlung mit Zustimmung des bairischen Bevollmächtigten Rechberg die Ausnahmegesetze vereinbart und der Bundestag dieselben, abermals mit unbedingter Zustimmung des bairischen Gesandten, genehmigt hatte, war Baiern nach Bundesrecht verpflichtet diese Beschlüsse bekannt zu machen, und ein nachträglicher Widerstandsversuch versprach geringen Erfolg.	95:110	Nachdem die Karlsbader Versammlung mit Zustimmung des bayerischen Bevollmächtigten Rechberg die Ausnahmegesetze vereinbart und der Bundestag dieselben , abermals mit unbedingter Zustimmung des bayerischen Gesandten , genehmigt hatte , war Bayern nach Bundesrecht verpflichtet diese Beschlüsse bekannt zu machen , und ein nachträglicher Widerstandsversuch versprach geringen Erfolg .
Ausnahmegesetz	nn_nrhz176_1848-400-20	(Herr Beseler und sein Verfassungsausschuß-Genossen haben in §. 36 nämlich für die regierenden Herren, seine Hausgötzen, ein Ausnahmegesetz gemacht.)	125:139	( Herr Beseler und sein Verfassungsausschuß-Genossen haben in §. 36 nämlich für die regierenden Herren , seine Hausgötzen , ein Ausnahmegesetz gemacht . )
Ausnahmegesetz	nn_nrhz198_1849-127-7	er habe sich Behufs der Aufhebung aller Ausnahmegesetze in Preußen mit der preußischen Regierung ins Benehmen (liebliches Wort!) gesetzt; der Erfolg sei bald zu erwarten.	40:55	er habe sich Behufs der Aufhebung aller Ausnahmegesetze in Preußen mit der preußischen Regierung ins Benehmen ( liebliches Wort ! ) gesetzt ; der Erfolg sei bald zu erwarten .
Ausnahmegesetz	beseler_kommentar_1851-1290-17	Die Zahl der todeswürdigen Verbrechen hat in den neueren Gesetzen, falls diese nicht den Charakter von Ausnahmegesetzen namentlich über den s. g. Belagerungszustand an sich tragen, immer mehr abgenommen, und bei der Vollstreckung der Strafe werden alle Verschärfungen immer mehr entfernt.	103:119	Die Zahl der todeswürdigen Verbrechen hat in den neueren Gesetzen , falls diese nicht den Charakter von Ausnahmegesetzen namentlich über den s. g. Belagerungszustand an sich tragen , immer mehr abgenommen , und bei der Vollstreckung der Strafe werden alle Verschärfungen immer mehr entfernt .
Ausnahmegesetz	buechner_kraft_1855-1409-44	Wäre die Wissenschaft genöthigt, eine solche Annahme anzuerkennen, so fiele damit auch unser Satz von der Allgemeinheit der Naturgesetze und von der Unveränderlichkeit der mechanischen Weltordnung; wir müßten zugeben, daß eine höhere Hand in den Gang des Natürlichen hineingreift und Ausnahmsgesetze schafft, welche sich jeder Berechnung entziehen; es wäre einen Riß in den natürlichen Bau der Welt gemacht, die Wissenschaft müßte an sich selbst verzweifeln, und es hörte, wie Ule sehr richtig bemerkt, jede Natur-, wie Seelenforschung auf.	284:299	Wäre die Wissenschaft genötigt , eine solche Annahme anzuerkennen , so fiele damit auch unser Satz von der Allgemeinheit der Naturgesetze und von der Unveränderlichkeit der mechanischen Weltordnung ; wir müßten zugeben , daß eine höhere Hand in den Gang des Natürlichen hineingreift und Ausnahmegesetze schafft , welche sich jeder Berechnung entziehen ; es wäre einen Riß in den natürlichen Bau der Welt gemacht , die Wissenschaft müßte an sich selbst verzweifeln , und es hörte , wie Ule sehr richtig bemerkt , jede Natur- , wie Seelenforschung auf .
Ausnahmegesetz	nn_nrhz122_1848-209-18	151 bis 155 auch die Artikel 201 und 204 des rheinischen Strafgesetzbuches, durch welche die Geistlichen besondere Ausnahmegesetzen unterworfen werden, aufzuheben seien.	115:131	151 bis 155 auch die Artikel 201 und 204 des rheinischen Strafgesetzbuches , durch welche die Geistlichen besondere Ausnahmegesetzen unterworfen werden , aufzuheben seien .
Ausnahmegesetz	nn_nrhz156_1848-336-12	„zu dem Gesetz zum Schutz der Abgeordneten gegen Verhaftung etc. ein Ausnahmegesetz zu machen, welches in gewissen Fällen die Verhaftung von Abgeordneten ohne Frage zuläßt.“	69:83	" zu dem Gesetz zum Schutz der Abgeordneten gegen Verhaftung etc. ein Ausnahmegesetz zu machen , welches in gewissen Fällen die Verhaftung von Abgeordneten ohne Frage zuläßt . "
Ausnahmegesetz	buechner_kraft_1855-1426-15	— Wenn nun so schon nach allgemeinen naturphilosophischen Gründen es unmöglich erscheinen muß, daß Ausnahmsgesetze für die organische Welt existiren — so erscheint diese Wahrheit noch deutlicher und augenfälliger im Einzelnen und an concreten Verhältnissen.	99:114	-- Wenn nun so schon nach allgemeinen naturphilosophischen Gründen es unmöglich erscheinen muß , daß Ausnahmegesetze für die organische Welt existieren -- so erscheint diese Wahrheit noch deutlicher und augenfälliger im Einzelnen und an konkreten Verhältnissen .
Ausnahmegesetz	nn_nrhz126_1848-448-17	‒ In Baden kann dies nicht auf dem Verwaltungswege geschehen, sondern mußte auf verfassungsmäßigem Wege ein Ausnahmegesetz geschehen.	108:122	- In Baden kann dies nicht auf dem Verwaltungswege geschehen , sondern mußte auf verfassungsmäßigem Wege ein Ausnahmegesetz geschehen .
Ausnahmegesetz	treitschke_geschichte02_1882-7929-9	Der König war und blieb von der Nothwendigkeit der Ausnahmegesetze tief durchdrungen, befahl allen seinen Gesandten in Deutschland die Ausführung zu überwachen und ließ den größeren Bundesstaaten mittheilen, daß er fest auf ihre thätige Mitwirkung zähle.	51:66	Der König war und blieb von der Notwendigkeit der Ausnahmegesetze tief durchdrungen , befahl allen seinen Gesandten in Deutschland die Ausführung zu überwachen und ließ den größeren Bundesstaaten mitteilen , daß er fest auf ihre tätige Mitwirkung zähle .
Ausnahmegesetz	nn_nrhz153b_1848-156-4	(Der Beginn der Ausnahmsgesetze für das heilige römische Reich!)	16:31	( Der Beginn der Ausnahmegesetze für das heilige römische Reich ! )
Ausnahmegesetz	bierbaum_stilpe_1897-1639-6	— Der Herr Staatsanwalt hat ein Ausnahmegesetz über mich beliebt.	32:46	-- Der Herr Staatsanwalt hat ein Ausnahmegesetz über mich beliebt .
Ausnahmegesetz	treitschke_geschichte02_1882-7387-3	Nach Vollendung der Ausnahmegesetze sollten schließlich die Minister der Bundesstaaten im Winter sich zu Wien versammeln, um den Grundzügen der Bundesverfassung die seit 1815 verheißene Ergänzung, natürlich in hochconservativem Sinne, zu geben und namentlich für die landständischen Verfassungen bindende Vorschriften aufzustellen.	20:35	Nach Vollendung der Ausnahmegesetze sollten schließlich die Minister der Bundesstaaten im Winter sich zu Wien versammeln , um den Grundzügen der Bundesverfassung die seit 1815 verheißene Ergänzung , natürlich in hochkonservativem Sinne , zu geben und namentlich für die landständischen Verfassungen bindende Vorschriften aufzustellen .
Ausnahmegesetz	nn_nrhz088089_1848-399-9	Das Volk wartet mit Spannung auf das Schicksal dieses Ausnahmegesetzes.	54:70	Das Volk wartet mit Spannung auf das Schicksal dieses Ausnahmegesetzes .
Ausnahmegesetz	nn_nrhz058b_1848-163-19	Sie droht mit dem vollem Segen des altkonstitutionellen Lebens, Preßprozesse, einem Hebert und seine moralische Mitschuld, Ausnahmsgesetze; aber der Drohung wird der stärkende Widerstand, die Kräftigung der Presse und der politischen Charaktere, die Demokratisirung des Mittelstandes folgen, sie wird eine Vorläuferin der achten Freiheit sein.	123:138	Sie droht mit dem vollem Segen des altkonstitutionellen Lebens , Preßprozesse , einem Hebert und seine moralische Mitschuld , Ausnahmegesetze ; aber der Drohung wird der stärkende Widerstand , die Kräftigung der Presse und der politischen Charaktere , die Demokratisierung des Mittelstandes folgen , sie wird eine Vorläuferin der achten Freiheit sein .
Ausnahmegesetz	mommsen_roemische03_1856-3166-33	Der gehorsame Senat decretirte auf Pompeius Wink, dass durch den Raufhandel auf der appischen Strasse das Vaterland in Gefahr gerathen sei; demnach wurde für alle mit demselben zusammenhängenden Verbrechen durch ein Ausnahmegesetz eine Specialcommission bestellt, deren Mitglieder geradezu von Pompeius ernannt wurden.	216:230	Der gehorsame Senat dekretierte auf Pompeius Wink , dass durch den Raufhandel auf der aeschen Straße das Vaterland in Gefahr geraten sei ; demnach wurde für alle mit demselben zusammenhängenden Verbrechen durch ein Ausnahmegesetz eine Specialcommission bestellt , deren Mitglieder geradezu von Pompeius ernannt wurden .
Ausnahmegesetz	nn_maehrisches19_1890-184-13	Windthorst gab namens des Centrums die Erklärung ab, dasselbe werde einem dauernden Ausnahmsgesetze nicht zustimmen, sei aber, um einen Uebergang zu ermöglichen, bereit, das Gesetz in der von der Commission geänderten Fassung, ohne Ausweisungsbefugniß, für zwei Jahre zu bewilligen.	84:99	Windhorst gab namens des Zentrums die Erklärung ab , dasselbe werde einem dauernden Ausnahmegesetze nicht zustimmen , sei aber , um einen Übergang zu ermöglichen , bereit , das Gesetz in der von der Kommission geänderten Fassung , ohne Ausweisungsbefugnis , für zwei Jahre zu bewilligen .
Ausnahmegesetz	nn_nrhz071_1848-598-3	Die Zeiten der Ausnahmegesetze, der Demagogenriecherei, der Hochverrathsprozesse nehmen bereits wieder ihren Anfang.	15:30	Die Zeiten der Ausnahmegesetze , der Demagogenriecherei , der Hochverratsprozesse nehmen bereits wieder ihren Anfang .
Ausnahmegesetz	nn_nrhz024b_1848-88-51	1) die Minister, 2) die Unterstaatssekretäre, 3) der Generalprokurator beim Kassationshofe, 4) der Generalprokurator beim Appelhofe von Paris, 5) der Maire von Paris, 6) der Polizeipräfekt, 7) der Kommandant der Pariser Nationalgarde und alle diejenigen, welche durch Ausnahmegesetze bezeichnet werden.	268:283	1 ) die Minister , 2 ) die Unterstaatssekretäre , 3 ) der Generalprokurator beim Kassationshofe , 4 ) der Generalprokurator beim Appelhofe von Paris , 5 ) der Maire von Paris , 6 ) der Polizeipräfekt , 7 ) der Kommandant der Pariser Nationalgarde und alle diejenigen , welche durch Ausnahmegesetze bezeichnet werden .
Ausnahmegesetz	nn_nrhz083_1848-36-10	Womit übrigens Herr Ahrens nicht sagen will, daß die Ausnahmgesetze für Fürsten und Minister den Anspruch auf „persönliche Achtung“ ausschließen.	53:67	Womit übrigens Herr Arens nicht sagen will , daß die Ausnahmegesetze für Fürsten und Minister den Anspruch auf " persönliche Achtung " ausschließen .
Ausnahmegesetz	treitschke_geschichte02_1882-7390-17	Glückselig, mit heiligem Eifer arbeitete nun Gentz die Vorschläge für die Karlsbader Versammlung aus: provisorische Ausnahmegesetze gegen die Universitäten, die Presse, die Demagogen, und dazu eine Interpretation des Art. 13, wozu die Thorheiten der badischen Kammern den hochwillkommenen Anlaß boten.	116:131	Glückselig , mit heiligem Eifer arbeitete nun Gentz die Vorschläge für die Karlsbader Versammlung aus : provisorische Ausnahmegesetze gegen die Universitäten , die Presse , die Demagogen , und dazu eine Interpretation des Art. 13 , wozu die Torheiten der badischen Kammern den hochwillkommenen Anlaß boten .
Ausnahmegesetz	mommsen_roemische03_1856-4686-25	Der Volkstribun konnte durch sein Einschreiten wie jede andere Amtshandlung, so auch den unter Leitung eines Magistrats gefundenen Geschwornenspruch cassiren, ausser wo besondere Ausnahmegesetze die tribunicische Intercession ausschlossen; was der Fall war bei den durch neuere Gesetze niedergesetzten Geschwornengerichten, den Hundertmännern und den verschiedenen Criminalcommissionen.	179:194	Der Volkstribun konnte durch sein Einschreiten wie jede andere Amtshandlung , so auch den unter Leitung eines Magistrats gefundenen Geschworenenspruch kassieren , außer wo besondere Ausnahmegesetze die tribunicische Interzession ausschlossen ; was der Fall war bei den durch neuere Gesetze niedergesetzten Geschworenengerichten , den Hundertmännern und den verschiedenen Kriminalcommissionen .
Ausnahmegesetz	nn_nrhz110_1848-151-8	Schaffrath: Wir brauchen keine Zeitungsartikel, keine Ausnahmegesetze, keinen Schutz gegen Sie (rechts) und Andere.	54:69	Schaffrat : Wir brauchen keine Zeitungsartikel , keine Ausnahmegesetze , keinen Schutz gegen Sie ( rechts ) und Andere .
Ausnahmegesetz	treitschke_geschichte02_1882-8135-23	Und Alles dies in dem nämlichen Augenblick, da Hardenberg die Karlsbader Politik förderte; in seinen Augen waren die neuen Bundesgesetze nur Ausnahmegesetze für wenige Jahre der Noth.	141:156	Und Alles dies in dem nämlichen Augenblick , da Hardenberg die Karlsbader Politik förderte ; in seinen Augen waren die neuen Bundesgesetze nur Ausnahmegesetze für wenige Jahre der Not .
Ausnahmegesetz	nn_nrhz213_1849-382-34	Nur Plakate gegen die Demokraten unter den Soldaten verstreut, letzteren doppelte Lohnungen, Feldzulagen gegeben, und die Säbel werden gezogen, ruhige Versammlungen gesprengt, und der Aufruhr ist fertig und die Ausnahmegesetze sind da.	211:226	Nur Plakate gegen die Demokraten unter den Soldaten verstreut , letzteren doppelte Lohnungen , Feldzulagen gegeben , und die Säbel werden gezogen , ruhige Versammlungen gesprengt , und der Aufruhr ist fertig und die Ausnahmegesetze sind da .
Ausnahmegesetz	boerne_paris05_1834-1904-50	Ein Gegenstand der Spötter aller jener Elenden, die einst ihr Feldgeschrei daraus gemacht, wird diese verkaufte, geschändete, an allen Straßenecken ausgebotene und verschacherte Freiheit; diese Freiheit, welche die Possenreißer des Jüste-Milieu sich mit Fußstößen einander zuwerfen; diese gebrandmarkte und mit der Haspel der Ausnahmsgesetze erwürgte Freiheit, wieder durch ihre Vernichtung die Revolution von 1830, in eine große Schmach und eine hündische Schurkerei verwandelt.“	326:341	Ein Gegenstand der Spötter aller jener Elenden , die einst ihr Feldgeschrei daraus gemacht , wird diese verkaufte , geschändete , an allen Straßenecken ausgebotene und verschacherte Freiheit ; diese Freiheit , welche die Possenreißer des Justemilieu sich mit Fußstößen einander zuwerfen ; diese gebrandmarkte und mit der Haspel der Ausnahmegesetze erwürgte Freiheit , wieder durch ihre Vernichtung die Revolution von 1830 , in eine große Schmach und eine hündische Schurkerei verwandelt . "
Ausnahmegesetz	vogt_thierstaaten_1851-807-4	Waren nicht eine Menge Ausnahmsgesetze für den Adel vorhanden, die ihn im Nichtzahlen schützten?	23:38	Waren nicht eine Menge Ausnahmegesetze für den Adel vorhanden , die ihn im Nichtzahlen schützten ?
Ausnahmegesetz	nn_nrhz045_1848-12-20	Der General Pfuel (von Höllenstein) begann seine Friedensmission damit, daß er die gemeinen Gesetze suspendirte und militärische Ausnahmgesetze erließ.	129:143	Der General Pfuel ( von Höllenstein ) begann seine Friedensmission damit , daß er die gemeinen Gesetze suspendierte und militärische Ausnahmegesetze erließ .
Ausnahmegesetz	treitschke_geschichte02_1882-7386-22	War man mit Preußen einig, dann sollten die Vertreter der beiden Großmächte in Karlsbad mit den Ministern der größeren Bundesstaaten die Ausnahmegesetze vereinbaren, welche der Bundestag ohne weitere Berathung anzunehmen und zu verkündigen hätte; denn wer unter den Kleinen durfte den neun mächtigsten deutschen Höfen, sobald sie sich ernstlich geeinigt hatten, zu widersprechen wagen?	137:152	War man mit Preußen einig , dann sollten die Vertreter der beiden Großmächte in Karlsbad mit den Ministern der größeren Bundesstaaten die Ausnahmegesetze vereinbaren , welche der Bundestag ohne weitere Beratung anzunehmen und zu verkündigen hätte ; denn wer unter den Kleinen durfte den neun mächtigsten deutschen Höfen , sobald sie sich ernstlich geeinigt hatten , zu widersprechen wagen ?
Ausnahmegesetz	nn_nrhz083_1848-43-22	Nachdem Hr. Ahrens sodann noch im Sinn der politischen Moral für Abstellung der Civilorden gesprochen, dem Militärstand aber in dieser Beziehung Ausnahmgesetze vindicirt hat, ohne sich um den Ruf der Versammlung nach Schluß und um die Ermahnung des Präsidenten zur Kürze zu kümmern, erscheint Hr.	145:159	Nachdem Hr. Arens sodann noch im Sinn der politischen Moral für Abstellung der Civilorden gesprochen , dem Militärstand aber in dieser Beziehung Ausnahmegesetze vindiziert hat , ohne sich um den Ruf der Versammlung nach Schluß und um die Ermahnung des Präsidenten zur Kürze zu kümmern , erscheint Hr .
Ausnahmegesetz	treitschke_geschichte03_1885-129-10	Die Angst des Sommers 1819 war verflogen, die neuen Ausnahmegesetze genügten vorläufig um die wirklichen wie die eingebildeten Gefahren einer demagogischen Schilderhebung zu beschwören, und je sicherer man sich wieder fühlte, um so mächtiger regte sich an den kleinen Höfen wieder die Empfindung, welche in friedlichen Zeitläuften bei ihnen immer vorherrschte: die Sorge um ihre Souveränität.	52:67	Die Angst des Sommers 1819 war verflogen , die neuen Ausnahmegesetze genügten vorläufig um die wirklichen wie die eingebildeten Gefahren einer demagogischen Schilderhebung zu beschwören , und je sicherer man sich wieder fühlte , um so mächtiger regte sich an den kleinen Höfen wieder die Empfindung , welche in friedlichen Zeitläuften bei ihnen immer vorherrschte : die Sorge um ihre Souveränität .
Ausnahmegesetz	treitschke_geschichte02_1882-6355-47	Seine kecken Sophismen fanden Anklang nicht blos bei der Aengstlichkeit der Cabinette, sondern auch bei dem Standesgefühl der Schriftsteller, die in ihrer Eitelkeit nicht bemerkten, daß Gentz der Presse nur darum eine stolze Ausnahmestellung außerhalb des gemeinen Rechtes zuwies, weil er sie durch Ausnahmegesetze knebeln wollte.	299:314	Seine kecken Sophismen fanden Anklang nicht bloß bei der Ängstlichkeit der Kabinette , sondern auch bei dem Standesgefühl der Schriftsteller , die in ihrer Eitelkeit nicht bemerkten , daß Gentz der Presse nur darum eine stolze Ausnahmestellung außerhalb des gemeinen Rechtes zuwies , weil er sie durch Ausnahmegesetze knebeln wollte .
Ausnahmegesetz	savigny_system08_1849-4652-10	Merkwürdigerweise fügt das Römische Recht für den Fall der erweiternden Ausnahmegesetze eine Einschränkung hinzu, die also als die Ausnahme einer Ausnahme zu betrachten ist.	72:87	Merkwürdigerweise fügt das Römische Recht für den Fall der erweiternden Ausnahmegesetze eine Einschränkung hinzu , die also als die Ausnahme einer Ausnahme zu betrachten ist .
Ausnahmegesetz	nn_nrhz213_1849-355-8	Schmerling, Vinke und andere Ehrenmänner haben verschärfende Ausnahmsgesetze beantragt.	61:76	Schmerling , Finke und andere Ehrenmänner haben verschärfende Ausnahmegesetze beantragt .
Ausnahmegesetz	nn_nrhz213_1849-381-4	Vogt fährt fort: Ausnahmegesetze zu machen sei ein leichter Spaß, wenn man darauf ziele.	17:32	Vogt fährt fort : Ausnahmegesetze zu machen sei ein leichter Spaß , wenn man darauf ziele .
Ausnahmegesetz	2532889X_1983-01-21_01_100.tcf.xml-38-29	Ein weiterer Zweck bestehe dann, die antifaschistischen Werktätigen zu unüberlegten Handlungen, womöglich zu Zusammenstößen mit der Polizei zu provozieren, um Handhaben für die Anwendung des Schleicherschen Ausnahmegesetzes gegen die KPD, andere proletarische Organisationen und gegen die kommunistische Presse zu schaffen	207:223	
Ausnahmegesetz	26120215_1953_03_14_01_021.tcf.xml-45-22	Und schließlich ist Karl Marx der ständige Ratgeber und Führer der deutschen Arbeiterklasse in der schweren Zeit des Kampfes cegen die Bismnrckschen Ausnahmegesetze.	149:164	
Ausnahmegesetz	2532889X_1966-05-13_01_030.tcf.xml-14-1	Ein Ausnahmegesetz, das nur geeignet ist, jeden Bürger der DDR als vermutlichen Rechtsbrecher zu diskriminieren, ändert an der bestehenden rechts-und verfassungswidrigen Situation nichts.	4:18	
Ausnahmegesetz	26120215_1981_10_08_01_031.tcf.xml-8-12	Unter den von diesen faschistischen „Juristen" auf der Grundlage völkerrechtswidriger Ausnahmegesetze meist wegen sogenannter defätistischer Äußerungen beziehungsweise Wehrkraftzersetzung Verurteilten befanden sich auch Bürger Frankreichs, Belgiens.	86:101	
Ausnahmegesetz	26120215_1975_11_18_01_057.tcf.xml-8-24	men von der britischen Regierung die Freilassung aller politischen Häftlinge, eine Charta der demokratischen Rechte für die Bevölkerung Nordirlands, die Abschaffung aller Ausnahmegesetze, die der Unterdrückung der Bevölkerung dienen, den Rückzug der britischen Truppen in Nordirland in ihre Kasernen bis zu ihrem endgültigen Abzug und die Ersetzung der irischen Polizei durch Ordnungskräfte, die für die Bevölkerung annehmbar sind und unter demokratischer Kontrolle stehen.	171:186	
Ausnahmegesetz	26120215_1948_09_22_01_011.tcf.xml-17-6	Die israelische Regierung hat ein „Ausnahmegesetz zur Bekämpfung des Terrorismus" erlassen.	35:49	
Ausnahmegesetz	26120215_1964_09_15_01_069.tcf.xml-25-22	Die studentische Jugend und die Buddhiscen werfen ihm vor allem vor, daß Than, der Leibjurist Diems, der die berüchtigten Ausnahmegesetze gegen	122:137	
Ausnahmegesetz	2532889X_1974-06-19_01_112.tcf.xml-4-19	Als unabdingbare Bestandteile solcher Bedingungen werden die sofortige Einführung eines Gesetzes über die demokratischen Rechte, die Außerkraftsetzung der Ausnahmegesetze, die Freilassung aller Internierten und der Rückzug der britischen Truppen in ihre Garnisonen bezeichnet.	155:170	
Ausnahmegesetz	2532889X_1947-05-01_01_039.tcf.xml-8-20	Die Zahl der gewerkschaftlich organisierten Arbeiterinnen betrug kaum ein Neunzigstel der organisierten Arbeiter, da die Gewerkschaften unter dem ' Ausnahmegesetz ihre Statuten meistens so formulieren mußten, daß die Frauen ausdrücklich von der Mitgliedschaft ausgeschlossen wurden.	148:162	
Ausnahmegesetz	2532889X_1977-09-24_01_038.tcf.xml-15-43	Gerade rückengestärkt von seinem Empfang durch Präsident Carter aus Washington zurückgekehrt, der Pinochet zu der Bemerkung veranlaßte, daß in den Beziehungen zu den USA eine günstige Entwicklung eingetreten sei. erk arte er unverfroren: A e von dem Regime erlassenen Ausnahmegesetze würden beibehalten, so auch der seit vier Jahren bestehende Belagerungszustand; und das Gerede von Wahlen müsse aufhören.	268:283	
Ausnahmegesetz	2532889X_1965-06-25_01_125.tcf.xml-18-3	Die Notstandsgesetze sind Ausnahmegesetze, die zur totalen staatlichen Machtkonzentration führen.	26:41	
Ausnahmegesetz	2532889X_1949-08-14_01_109.tcf.xml-1-4	Alte Antifaschisten durch das Ausnahmegesetz des Westmagistrats der Not preisgegeben	30:44	
Ausnahmegesetz	2532889X_1959-09-11_01_118.tcf.xml-2-8	Fortbestehen des Besatzungsregimes in Westberlin verlangt und ein Ausnahmegesetz gegen die wachsenden oppositionellen Kräfte angekündigt hatte.	66:80	
Ausnahmegesetz	2532889X_1964-04-12_01_087.tcf.xml-3-11	Diese Maßnahme erfolgte im Zusammenhang mit der Beseitigung der Reste von Ausnahmegesetzen eine Woche vor dem Zusammentritt der neuen Nationalversammlung.	74:90	
Ausnahmegesetz	2532889X_1966-07-09_01_053.tcf.xml-47-20	Sie. setzt an die-Stelle noch verbliebener demokratischer Rechte, innergemelnscViaftlicher Demokratie und Unabhängigkeit der Zusammenschlüsse nach außen staatliche Ausnahmegesetze, Weisungsbefugnis und Zwangswirtschaft.	164:179	
Ausnahmegesetz	2532889X_1989-03-18_01_122.tcf.xml-7-10	Sie warnten die Präsidentin vor einer Rückkehr des einst mit Ausnahmegesetzen herrschenden Diktators.	61:77	
Ausnahmegesetz	26120215_1977_08_04_01_124.tcf.xml-20-8	Die Regierung beharrte auf ihrem Streikverbot entsprechend dem Ausnahmegesetz und ging mit militärischer Gewalt gegen die Demonstranten vor: sechs Menschen wurden getötet, unzählige verletzt, die Gewerkschaftsführer inhaftiert.	63:77	
Ausnahmegesetz	26120215_1966_09_20_01_221.tcf.xml-46-8	Nur im Bonner Staat sind die gültigen Gesetze Ausnahmegesetze gegen den Sport.	46:61	
Ausnahmegesetz	2532889X_1960-11-14_01_029.tcf.xml-7-6	waffen!", „Gegen Ausnahmegesetze!" und „Nie wieder Faschismus und Krieg!" mit seh.	17:32	
Ausnahmegesetz	26120215_1985_01_24_01_143.tcf.xml-22-33	„Zu keiner Zeit," so resümierte August Bebel, „ist der Klassencharakter von Staat und Gesellschaft den Massen so ins Bewußtsein gebracht worden wie unter der fast zwölfjährigen Dauer des Ausnahmegesetzes, nie haben Regierung, Polizei und Gerichte an Ansehen und Autorität mehr eingebüßt.	187:203	
Ausnahmegesetz	2532889X_1985-11-28_01_077.tcf.xml-45-9	Die deutsche Sozialdemokratie hatte ihren heroischen Kampf gegen das Ausnahmegesetz, den Engels vom ersten Tag an mit heißem Herzen und wachem Verstand, mit Rat und Tat unterstützt hatte, siegreich beendet.	69:83	
Ausnahmegesetz	2532889X_1946-12-11_01_033.tcf.xml-17-4	So war das Bismarcksche Ausnahmegesetz von 1878 bis 1890 gegen die „gemeingefährlichen Bestrebungen der Sozialdemokratie besonders auf die Ausrottung der marxistischen Lehren cerfohtet.	24:38	
Ausnahmegesetz	26120215_1946_07_11_01_011.tcf.xml-13-17	Das reaktionäre Regime in Griechenland, das sich auf auslandische Bajonette stützt und sich jetzt eines faschistischen Ausnahmegesetzes bedient, ist mit allen Kräften bes « « sa<'t, jede freie Willensäußerung d^r organisierten Werktätigen zu unterdrücken, die Organisationen der Werktätigen zu zerschlagen und ihre Funktionäre mundtot zu machen.	119:135	
Ausnahmegesetz	2532889X_1966-04-15_01_143.tcf.xml-12-11	Unter anderem darum, weil „die Arbeiter und Gewerkschaften mit Ausnahmegesetzen in der Vergangenheit bittere Erfahrungen machen mußten".	63:79	
Ausnahmegesetz	2532889X_1978-07-15_01_247.tcf.xml-23-19	Obwohl die Arbeiterpartei nichts mit dem Attentat zu tun hatte und sich dagegen wendete, ließ der Reichskanzler ein Ausnahmegesetz gegen die Sozialisten erarbeiten, weil Hödel angeblich Verbindungen mit der Partei Bebeis und Liebknechts gehabt habe.	116:130	
Ausnahmegesetz	26120215_1965_01_28_01_172.tcf.xml-5-15	Einpeitscher des „Bac Tien" (Marsch nach Norden) und Schöpfer der berüchtigten Ausnahmegesetze gegen die Bevölkerung, kam wieder an die Macht.	79:94	
Ausnahmegesetz	2532889X_1950-09-19_01_013.tcf.xml-10-15	Das Grpßberliner Komitee der Kämpfer ' für den Frieden stellt in seinem Protest gegen die Ausnahmegesetze m Westberlin fest:	90:105	
Ausnahmegesetz	2532889X_1959-10-16_01_030.tcf.xml-14-12	offensichtlich haben Mommer und bereits zu.jenfinj.ZfiitpunklSchrö ^ ihre Zustimmung für die militari-Ausnahmegesetze für Westdeutschland gegeben, denn der „Tagesfügte vielsagend hinzu: „Offenbar Mertens maßvolle und einsichtige Ausführungen ermutigt legt Bundesmnennunister Schröder am 9. Oktober im Norddeutschen und Westdeutschen Rundseine Ideen zur Notstandsgesetzdar.	102:117	
Ausnahmegesetz	2532889X_1949-07-23_01_149.tcf.xml-7-7	Dabei sind in den meisten Ländern die Ausnahmegesetze des Krieges wirksam.	38:53	
Ausnahmegesetz	26120215_1963_06_01_01_068.tcf.xml-26-4	Der Zusammenbruch wird mit Ausnahmegesetzen, Verboten und Wahlbehinderung nicht aufzuhalten sein.	27:43	
Ausnahmegesetz	2532889X_1952-05-10_01_037.tcf.xml-36-3	„Ermächtigungs-und Ausnahmegesetze pflegen in der Geschichte zuerst immer bescheiden und äußerst gutmütig aufzutreten, aber wir kennen den Geist, der sie regiert.	19:34	
Ausnahmegesetz	26120215_1985_03_12_01_140.tcf.xml-4-4	Diktator Pinochet hat die Ausnahmegesetze des Belagerungszustands weiter verschärft.	26:41	
Ausnahmegesetz	26120215_1953_01_27_01_217.tcf.xml-19-3	Als Bismarck dieses Ausnahmegesetz „wider die gemeingefährlichen Bestrebungen der Sozialdemokratie" am 19. Oktober 1878. zwei im Mai und Juni verübte Attentate gegen Wilhelm I. als Vorwand benutzend, mit 211 gegen 149 Stimmen im Reichstag durchbringen konnte, war er durchaus sicher, die junge Partei des deutschen Proletariats vernichten zu können.	20:34	
Ausnahmegesetz	26120215_1972_01_22_01_297.tcf.xml-7-48	Zu den Barzel-Vorschlägen nach einer Verfassungsänderung, die darauf abzielen, die fortschrittlichen Kräfte noch wirksamer verfolgen und progressives Gedankengut noch gründlicher von den Schulen fernhalten zu können, meint Wehner unter Hinweis auf den Artikel 18 des DTD Grundgesetzes, daß dazu -p>:-:n(I.T-und Ausnahmegesetze r Lw jn ' iij* seien.	311:326	
Ausnahmegesetz	2532889X_1963-03-27_01_055.tcf.xml-3-4	Das Militärregime mit seinen Ausnahmegesetzen soll auch für die nächsten Jahre fortgesetzt werden, worüber Washington bereits Besorgnis äußerte.	29:45	
Ausnahmegesetz	2532889X_1964-10-23_01_041.tcf.xml-16-6	Ein demokratischer Staat benötigt nicht diese Ausnahmegesetze, um den inneren Frieden zu bewahren.	46:61	
Ausnahmegesetz	2532889X_1953-02-21_01_043.tcf.xml-102-5	Dann kam der Fall dieses Ausnahmegesetzes, die Hoffnung auf schnellere Revolutionierung der Arbeiterschaft wuchs, und in dem Vorwort zur deutschen Ausgabe des Kommunistischen Manifests vom Jahre 1890 schrieb Friedrich Engels mit stolzer Freude:	25:41	
Ausnahmegesetz	26120215_1967_02_26_01_510.tcf.xml-56-27	Ein Attentat auf den alten Kaiser (nicht nur die Arbeiter wußten schon damals, wessen Regie das war) sollte herhalten, die Reichstagsmehrheit für ein Ausnahmegesetz zu gewinnen.	150:164	
Ausnahmegesetz	26120215_1979_05_03_01_278.tcf.xml-3-15	Die Behörden Israels foltern und verhören in Gefängnisse verschleppte palästinensische Einwohner auf der Grundlage eines Ausnahmegesetzes der ehemaligen britischen Mandatsverwaltung aus dem Jahre 1948.	121:137	
Ausnahmegesetz	2532889X_1979-07-03_01_095.tcf.xml-3-39	Kürzlich hat sich die Paraguayische Kommunistische Partei (PCP) an die demokratischen und patriotischen Kräfte ihres Landes gewandt und zur Bildung einer nationalen antidiktatorischen Kampffront gegen das reaktionäre Stroessner-Regime aufgefordert, das seit 25 Jahren mit Terror und Ausnahmegesetzen regiert.	283:299	
Ausnahmegesetz	2532889X_1968-11-09_01_283.tcf.xml-9-23	Das war zugleich ein innerpolitischer Terrorknüppel gegen Andersdenkende, die ja auf diese Weise ständig bedroht wurden, als „Untermenschen" unter Ausnahmegesetz gestellt zu werden.	147:161	
Ausnahmegesetz	2532889X_1957-09-24_01_044.tcf.xml-25-5	Sie fordert die Aufhebung von Ausnahmegesetzen, die Wiederherstellung der Bürgerrechte und Maßnahmen gegen die bewaffneten Banden des ehemaligen Diktators Rojas Pinilla.	30:46	
Ausnahmegesetz	26120215_1973_09_26_01_165.tcf.xml-4-4	Mit der Schaffung eines Ausnahmegesetzes gegen Menschen mit sozialistischer Gesinnung werde offener Verfassungsbruch betrieben.	24:40	
Ausnahmegesetz	2532889X_1951-02-06_01_129.tcf.xml-7-1	Mit Ausnahmegesetzen und einer Art faschistischer SA sucht Bonn der immer aktiver werdenden Ohneuns-Bewegung Herr zu werden.	4:20	
Ausnahmegesetz	26120215_1986_10_02_01_148.tcf.xml-24-5	Erst nach dem Fall des Ausnahmegesetzes konnte wieder ein legales Zentralorgan in Deutschland erscheinen.	23:39	
Ausnahmegesetz	26120215_1974_12_21_01_209.tcf.xml-3-11	Die Freilassung aller politischen Gefangenen in Nordirland, die Aufhebung der Ausnahmegesetze in Großbritannien.	78:93	
Ausnahmegesetz	26120215_1952_08_08_01_007.tcf.xml-28-14	Diesen Widerstand, vor allem der westdeutschen Werktätigen, will Innenminister Lehr mit dem Ausnahmegesetz bekämpfen.	92:106	
Ausnahmegesetz	2532889X_1986-08-16_01_076.tcf.xml-4-12	In einem Interview gibt Winnie Mandela darüber Auskunft, wie sich die Ausnahmegesetze mit jedem Tag weiter verschärfen.	70:85	
Ausnahmegesetz	2532889X_1985-07-23_01_098.tcf.xml-4-13	In einem gemeinsamen Kommunique sprachen sie sich für die Freilassung aller unter den Ausnahmegesetzen Inhaftierten und die Abschaffung der diskriminierenden Rassengesetze aus.	86:102	
Ausnahmegesetz	2532889X_1950-03-22_01_012.tcf.xml-7-12	„Avanti", das Blatt der^ Sozialisten, schreibt zu den Ausnahmegesetzen:	54:70	
Ausnahmegesetz	2532889X_1955-07-31_01_075.tcf.xml-3-21	Der französische Ministerpräsident Faure setzte in der Nationalversammlung in der Nacht zum Sonnabend mit 387 gegen 233 Stimmen die Verlängerung des Ausnahmegesetzes in Algerien um weitere sechs Monate durch.	149:165	
Ausnahmegesetz	26120215_1962_03_17_01_041.tcf.xml-6-37	„Nachdem in der dritten Legislaturperiode des Bundestages die Notstandsgesetze an einem breiten Volkswiderstand gescheitert waren, gibt man nun, um die Bevölkerung zu verwirren, die Losung aus, es ginge nicht um Notstands-oder Ausnahmegesetze, sondern um die Sicherung der inneren Ordnung, es ginge um den Schutz der Bevölkerung in.Spannungs-und	227:242	
Ausnahmegesetz	2532889X_1981-10-08_01_023.tcf.xml-7-12	Unter den von diesen faschistischen „Juristen" auf der Grundlage völkerrechtswidriger Ausnahmegesetze meist wegen sogenannter defätistischer Äußerungen beziehungsweise Wehrkraftzersetzung Verurteilten befanden sich auch Bürger Frankreichs, Belgiens, Polens, der Tschechoslowakei und der Niederlande.	86:101	
Ausnahmegesetz	26120215_1969_02_26_01_309.tcf.xml-4-18	Einmütig verurteilte auch die katholische Deutsche Studentenvereinigung auf einer Arbeitstagung in Vierzehnheiligen (Landkreis Staffelstein) dieses geplante Ausnahmegesetz.	157:171	
Ausnahmegesetz	2532889X_1967-03-18_01_069.tcf.xml-8-38	Sie erklären ausdrücklich, ihre Kundgebung, die auf Initiative des Notstandsausschusses beim DGB München einberufen worden war. wende sieb „auch gegen die sogenannten. entschärften ' oder. liberallsierten ' Notetandsgesetze, da auch diese Ausnahmegesetze sind".	239:254	
Ausnahmegesetz	26120215_1960_11_20_01_008.tcf.xml-15-33	Und nun legt man uns auch noch einen Gesetzentwurf gegen die Freizügigkeit vor... Deutschlands Untergang und der Verfall unserer Freiheit begannen schon einmal damit daß das Prinzip verraten wurde und Ausnahmegesetze an seine Stelle traten.	201:216	
Ausnahmegesetz	26120215_1965_06_03_01_027.tcf.xml-12-6	Die Beamten, die damals die Ausnahmegesetze konzipiert haben, entwerfen heute das Notstandsgesetz.	28:43	
Ausnahmegesetz	26120215_1986_08_04_01_030.tcf.xml-17-10	So hat das Rassistenregime zum Wochenende die im Juni verhängten Ausnahmegesetze weiter verschärft.	65:80	
Ausnahmegesetz	26120215_1971_01_24_01_093.tcf.xml-14-15	Die Gründung einer eigenen örtlichen Parteiorganisation wurde jedoch durch das kurz danach in Kraft tretende Ausnahmegesetz gegen die sozialistische deutsche Arbeiterbewegung verhindert, das sogenannte Sozialistengesetz (1878 bis 1890).	109:123	
Ausnahmegesetz	26120215_1947_12_11_01_012.tcf.xml-8-20	Der Exekutivausächuti werde für die Freilassung der verhafteten Arbeiter, die Einstellung der Verfolgung von Streikleünenmein und die Aufhebung der Ausnahmegesetze kämpfen.	148:163	
Ausnahmegesetz	2532889X_1965-02-21_01_162.tcf.xml-19-24	Jetzt, 1890, stürzte sich der 49 jährige mit Jugendlichem Elan in den Wahlkampf, in die letzte Schlacht im Kampf gegen das Ausnahmegesetz, dessen Gültigkeit erst am 30. September ablief und das Bismarck gerne wieder eingeführt hätte.	123:137	
Ausnahmegesetz	2532889X_1948-10-21_01_062.tcf.xml-23-47	illegale Zeitungen und andere Literatur, bauten lokal und illegal die zerschlagenen Gewerkschaften immer wieder auf. organisierten Streiks und Wahlen, machten Beerdigungen trotz oft blutigen Polizeiterrors zu Massendemonstrationen, trugen standhaft und zäh alle -Opfer und errangen so nach zwölf Jahren den Sieg über das Ausnahmegesetz und den allmachtig scheinenden Bismarck. weder mit der Peitsche des Polizeiterrors noch mit dem Zuckerbrot der ersten Sozialversicherungsgesetze waren die Arbeiter zur Preisgabe des Klassenbewußtseins und des Sozialismus zu bewegen.	321:335	
Ausnahmegesetz	26120215_1967_02_26_01_510.tcf.xml-116-10	Durch kein Verbot, durch keinen Terror, durch keine Ausnahmegesetze.	52:67	
Ausnahmegesetz	2532889X_1977-09-24_01_270.tcf.xml-7-8	Zehn Jahre regierten dieser Periode die Militärs mit Ausnahmegesetzen.	53:69	
Ausnahmegesetz	2532889X_1978-04-01_01_229.tcf.xml-40-11	Denn mit der brutalen Unterdrückung der sozialistischen Arbeiterbewegung nach Erlaß des Ausnahmegesetzes hatte sie nicht die gewünschten Resultate erreicht.	88:104	
Ausnahmegesetz	26120215_1962_06_04_01_089.tcf.xml-40-13	Polizei und Provokateure erpressen verständi-Eungsbereite Bürger, Mitglieder der SED werden unter Ausnahmegesetze gestellt sowie wirtschaftlichen und politischen Repressalien ausgesetzt, Veranstaltungen der SED verhindert oder verboten.	98:113	
Ausnahmegesetz	2532889X_1975-09-20_01_251.tcf.xml-26-18	Die Meinungsverschiedenheiten brachen offen aus, als Ende 1889 erneut die Frage einer Verlängerung des seit 1878 geltenden Ausnahmegesetzes auf der Tagesordnung stand.	123:139	
Ausnahmegesetz	26120215_1951_04_26_01_029.tcf.xml-29-14	Eine Regierun «, die das Recht verletzt und und ihre Untertanen wahlweise unter Ausnahmegesetz stellen will, hat keinen Anspruch auf Beachtung ihrer Gesetze.	80:94	
Ausnahmegesetz	2532889X_1955-10-18_01_088.tcf.xml-10-10	hat der Suhr-Senat ebenso wie die Adenauer-Regierung in Bonn ein Ausnahmegesetz für die Beschäftigten im öffentlichen Dienst geschaffen, um Lohnkämpfe und Streiks zu verhindern.	65:79	
Ausnahmegesetz	26120215_1962_02_11_01_377.tcf.xml-17-20	Statt den Algerienkrieg, den Nährboden des Faschimus, einzustellen, kündigt de Gaulle „außerordentliche Mittel", also Ausnahmegesetz, an, die weitere verfassungsmäßige Rechte unterdrücken und de Gaulles Selbstherrschaft festigen sollen.	118:132	
Ausnahmegesetz	2532889X_1948-10-22_01_041.tcf.xml-12-18	Als die Reichstagsmehrheit nach dem ersten Attentat auf den „Heldenkaiser" Wilhelm I. der Regierung Bismarck das Ausnahmegesetz „gegen die gemeingefährlichen Bevölkerungen der Sozialdemokratie" nicht bewilligt hatte, folgte drei Wochen später prompt ein zweites Attentat.	113:127	
Ausnahmegesetz	2532889X_1947-07-05_01_044.tcf.xml-13-14	Die heftigen. Verfolgungen der sozialistischen Bewegung, die sich 1878 zur Verhängung des Ausnahmegesetzes steigerten, schreckten sie nicht, sondern festigten sie nur in ihrer Überzeugung 1882 finden wir Klara in der Schweiz, wo sie am illegalen „Sozialdemokraf und seirer Verbreitung nach Deutschland hinein mitarbeitet.	90:106	
Ausnahmegesetz	26120215_1953_07_14_01_219.tcf.xml-2-35	85 iranische Jungen und Mädchen, die an den ersten von der Jugendorganisation „Junge Demokraten" organisierten nationalen Festspielen in Teheran teilnehmen wollten, sind von den iranischen Behörden mit der Begründung „die Ausnahmegesetze in Teheran verletzt, zu haben" verhaftet worden.	222:237	
Ausnahmegesetz	2532889X_1972-04-17_01_109.tcf.xml-3-10	Bhutto kündigte an, daß er die seit 1958 bestehenden Ausnahmegesetze am 21. April außer Kraft setzen werde, wenn die Nationalversammlung bis kommenden Montag eine vorläufige Verfassung annimmt.	53:68	
Ausnahmegesetz	26120215_1952_10_08_01_181.tcf.xml-8-26	verlangte der Westberliner „Tagessplegel auf Grund dieser Anzeige sofort den Erlaß eines Ausnahmegesetzes Doch der sattsam bekannte Oberstaatsanwalt Cantor benötigte zum Schutz des Schwennicke kein Ausnahmegesetz.	198:212	
Ausnahmegesetz	2532889X_1965-01-28_01_103.tcf.xml-20-16	. Ein bedeutender Schritt bei der Demokratisierung des öffentlichen Lebens war die Beseitigung der Reste der Ausnahmegesetze und die Freilassung einiger hundert Kommunisten, Fortschrittliche Persönlichkeiten nehmen führende Positionen in Staat und Wirtschaft, m der Arabischen Sozialistischen Union (ASU) und der von ihr kontrollierten Presse ein.	109:124	
Ausnahmegesetz	2532889X_1965-06-26_01_090.tcf.xml-4-23	Es wird über seine Berichterstattung von der Notstandssitzung des Bundestages gesprochen, über die in der nächsten Woche auf der Tagesordnung stehenden restlichen Ausnahmegesetze und über Urlaubspläne.	163:178	
Ausnahmegesetz	26120215_1947_07_20_01_009.tcf.xml-4-1	Das Ausnahmegesetz zur Bestrafung der Faschisten und Verräter und zur Säuberung des Staatsapparates soll Ende des Jahres außer Kraft gesetzt werden, um „die innere Lage zu normalisieren" und die „Faschisten im Lande zu beruhigen".	4:18	
Ausnahmegesetz	26120215_1967_09_15_01_372.tcf.xml-11-0	Ausnahmegesetze, Säuberungsaktionen in der Armee, im Staatsapparat, in der kirchlichen Hierarchie, scharfe Zensur, die Mißachtung aller parlamentarischen Rechte zielen darauf, das ganze Volk zur Duldung der Diktatur zu zwingen.	0:15	
Ausnahmegesetz	2532889X_1966-12-11_01_221.tcf.xml-20-18	Das Heimatland von Marx und Engels — das war ja auch das Land des ersten Kommunistenprozesses und der Ausnahmegesetze gegen die Sozialisten, das Land.	102:117	
Ausnahmegesetz	26120215_1967_03_21_01_221.tcf.xml-2-3	Die Beseitigung der Ausnahmegesetze und die Legalisierung der Kommunistischen Partei Griechenlands verlangte am Sonnabend in Athen eine Delegation des griechischen Kampfkomitees für die freie Betätigung der politischen Parteien und für die Legalisierung der KP vom Präsidenten der Abgeordnetenkammer, Dimitrios Papaspyrou.	20:35	
Ausnahmegesetz	2532889X_1968-04-03_01_115.tcf.xml-43-6	Der westdeutsche Bürger wird mit den Ausnahmegesetzen, dein Notstands-und Geheimdienstterror zum bloßen Spielball einer antidemokratischen und friedensgefährdenden Politik herabgewürdigt.	37:53	
Ausnahmegesetz	2532889X_1950-01-03_01_128.tcf.xml-30-26	Die Verhaftung der drei jungen Menschen — die nebenbei gesagt nicht einmal der FDJ und auch nicht der SED angehören — erinnert an die Zeiten der Ausnahmegesetze und ' des Nazireeimes.	145:160	
Ausnahmegesetz	26120215_1979_09_20_01_059.tcf.xml-4-9	Die Patriotische Front von Simbabwe hat die Aufhebung der Ausnahmegesetze, die Einstellung der Erschießungen und die Entlassung aller politischen Gefangenen in Südrhodesien verlangt.	58:73	
Ausnahmegesetz	2532889X_1974-06-01_01_232.tcf.xml-47-56	Er erklärte im preußischen Staatsministerium, man solle den Brand in sich ausbrennen' lassen; die Bergarbeiter würden so am ehesten begreifen, daß solche Arbeltseinstellungen unfruchtbar seien, und die Bourgeoisie werde daraus erkennen, daß die Sozialdemokratie nicht nur die Regierung, sondern die herrschenden Klassen überhaupt bedrohe und infolgedessen geneigter sein, neuen Ausnahmegesetzen gegen die Soziallsten zuzustimmen.	378:394	
Ausnahmegesetz	2532889X_1948-10-22_01_041.tcf.xml-23-60	Sie setzten unter der Tarnkappe harmloser Vereine-die Parteiorganisation fort ^ verbreiteten massenhaft illegale Zeitungen und andere Literatur, bauten lokal und illegal die zerschlagenen Gewerkschaften immer wieder auf, organisierten Streiks und Wahlen, machten Beerdigungen trotz oft blutigen Polizeiterrors zu Massendemonstrationen, trugen standhaft und zäh alle Opfer und errangen so nach zwölf Jahren den Sieg über das Ausnahmegesetz und den allmächtig scheinenden Bismarck.	424:438	
Ausnahmegesetz	2532889X_1985-03-12_01_086.tcf.xml-3-5	Chiles Diktator Pinochet hat die Ausnahmegesetze des Belagerungszustands weiter verschärft.	33:48	
Ausnahmegesetz	2532889X_1968-03-03_01_297.tcf.xml-42-19	Als Bismarck später versuchte, sein eigenes Verfassungswerk durch Maßnahmen, die man damals noch nicht Notstandsgesetze, sondern Ausnahmegesetze nannte, aufzuheben, warnte Marx die deutschen Arbeiterführer: Bismarck „braucht Geld, und der Staat braucht Geld.	129:144	
Ausnahmegesetz	2532889X_1965-04-18_01_068.tcf.xml-33-3	SAARBRÜCKEN » Die Ausnahmegesetze, von wem sie nun immer erlassen werden, wären der Tod der Demokratie". erklärt der BundesvorsitzenÜe des Sozialistischen Deutschen Studentenbundes, Helmut Schauer, vor Kundgebungsteilnehmern in Saarbrücken.	18:33	
Ausnahmegesetz	2532889X_1957-07-10_01_010.tcf.xml-8-22	Sie sind so verantwortlich für die Verhängung und Vollstreckung von Todesurteilen an über vierhundert Häftlingen verschiedener Nationalitäten wegen Vergehen gegen die nazistischen Ausnahmegesetze.	180:195	
Ausnahmegesetz	2532889X_1972-01-12_01_090.tcf.xml-15-25	Den realen Weg zur Läsung des Problems weisen die fortschrittlichen Kräfte des Landes, die den unverzüglichen Abzug der britischen Truppen, die Aufhebung des Ausnahmegesetzes und den Verzicht der Torv-Reqierung auf Gewalt verlangen.	158:174	
Ausnahmegesetz	2532889X_1963-03-19_01_054.tcf.xml-8-43	In Grußschreiben an die CGT aus dem Waggonbau Görlitz, dem Kraftwerk der Stadt, dem Görlitzer Bekleidungswerk, dem Betonwerk Cossebaude. dem Beleuchtungsglaswerk Radeberg, dem Webstuhlbau Neugersdorf und dem Kombinat „Schwarze Pumpe" verwahren sich Zehntausende Arbeiter gegen die Ausnahmegesetze des de-Gaulle-Regimes, die sie als flagranten Angriff auf die elementaren demokratischen Rechte der französischen Arbeiterklasse bezeichnen:	281:296	
Ausnahmegesetz	26120215_1951_07_31_01_170.tcf.xml-30-16	Darum ihre Wut auf die Straßensperren, die nur errichtet werden mußten, weil in Westberlin Ausnahmegesetze und -Verhältnisse gegen den Frieden herrschen.	91:106	
Ausnahmegesetz	2532889X_1987-05-07_01_070.tcf.xml-25-8	Der Widerstand wächst, während Botha mit den Ausnahmegesetzen die Medien, das Land und die Wahrheit zum Schweigen bringen will.	45:61	
Ausnahmegesetz	2532889X_1946-12-21_01_050.tcf.xml-21-9	Anziehungskraft der Partei in den zwölf harten Jahren des Ausnahmegesetzes gegen die Sozialdemokratie und läßt die deutsche Arbeiterklasse über Bismarcks Schandgesetz siegen.	58:74	
Ausnahmegesetz	26120215_1951_02_04_01_019.tcf.xml-3-37	Um die täglich mächtiger werdende Bewegung gegen Remilitarisierung und Wiederaufrüstung in Westdeutschland nunmehr gerichtlich verfolgen zu können, bereitet das Bonner Justizministerium — wie von Mitgliedern des Parlamentsausschusses am Sonnabend bekannt wurde — ein „Hochverratsgesetz getauftes Ausnahmegesetz vor.	296:310	
Ausnahmegesetz	26120215_1958_11_04_01_004.tcf.xml-38-19	Es ist doch nicht zu übersehen, daß dieser Angriff zur gleichen Zeit erfolgt, da Innenminister Schröder sein Ausnahmegesetz proklamiert und Arbeltsminister Blank eine entscheidende Verschlechterung der Krankenversicherung auf die Tagesordnung gesetzt hat.	109:123	
Ausnahmegesetz	2532889X_1952-01-18_01_017.tcf.xml-21-25	dje demokratischen Organisationen und Vereinigungen., die nichts ander res als den Frieden, dje Ejph. ejt und Pemokratje wollen, sind unter Ausnahmegesetz gestellt.	140:154	
Ausnahmegesetz	2532889X_1950-11-28_01_037.tcf.xml-5-16	Er versucht In diesem Ar tikel bereits im Jahre 1879 — in der Perlode des Bismarckgchen Ausnahmegesetzes — seine reformistischen Ansichten in die Partei einzuschmuggeln und damit die Sozialdemokratie vom Weg des Kampfes um den Sozialigmus und Genen den Biimarckschen Terror auf die Linie der Aufgabe des revolutionären Kampfes, der Versöhnung mit dem Kapitalismus, des Verzichts auf den Sozialismus, w brinfen	88:104	
Ausnahmegesetz	2532889X_1960-01-16_01_097.tcf.xml-12-6	Diese Grundeinstellung wurde genährt durch das Ausnahmegesetz, mit dem der..Eiserne Kanzler bereits sieben Jahre nach der Gründung des zweiten Reiches die Arbeiterschaft vom Kampf für ihre Menschenrechte abschrecken wollte.	47:61	
